{"delta_t":0.5,"jointArray":[[-1.2874788045883179,-1.0158990621566772,-0.73941010236740112,-0.46595370769500732,-0.19425499439239502,0.10894011706113815,0.37120699882507324,0.67010903358459473,0.82151848077774048,0.820068895816803,0.81709390878677368,0.49780768156051636,0.19359871745109558,-0.15178927779197693,-0.51211410760879517,-0.84723144769668579,-1.002048134803772,-1.2411251068115234,-1.5014171600341797,-1.6426575183868408],[0.15461477637290955,0.1417374461889267,0.12862733006477356,0.11566101014614105,0.10277803242206573,0.088401608169078827,0.075965858995914459,0.061792995780706406,0.14440512657165527,0.2218911200761795,0.06322132796049118,0.050738252699375153,0.0471896231174469,0.043160635977983475,0.038957409560680389,0.0350482314825058,0.053133752197027206,0.097291931509971619,0.14536860585212708,0.17145608365535736],[-0.42618390917778015,-0.34490016102790833,-0.26214703917503357,-0.18030156195163727,-0.098982170224189758,-0.0082359109073877335,0.070260524749755859,0.15972186625003815,0.35272049903869629,0.47961640357971191,0.21951895952224731,0.18564163148403168,0.16703686118125916,0.14591369032859802,0.12387700378894806,0.10338195413351059,0.013736404478549957,-0.19011619687080383,-0.41205817461013794,-0.53248888254165649],[-0.088518828153610229,-0.092053346335887909,-0.095651760697364807,-0.0992107018828392,-0.10274676233530045,-0.10669274628162384,-0.11010606586933136,-0.11399617046117783,-0.14108327031135559,-0.16271965205669403,-0.11767479777336121,-0.076031990349292755,-0.038676571100950241,0.0037354363594204187,0.0479816198348999,0.089132443070411682,0.071182429790496826,0.01330666895955801,-0.049704834818840027,-0.083896301686763763],[0.95871543884277344,1.0131069421768188,1.0684816837310791,1.1232490539550781,1.1776645183563232,1.2383879423141479,1.2909142971038818,1.3507779836654663,1.0717235803604126,0.80469030141830444,1.344153881072998,1.4124484062194824,1.4414392709732056,1.47435462474823,1.5086933374404907,1.5406298637390137,1.4558690786361694,1.2437825202941895,1.0128759145736694,0.88758081197738647],[0.17897498607635498,0.24651245772838593,0.31527084112167358,0.38327503204345703,0.45084211230278015,0.52624183893203735,0.59146338701248169,0.66579550504684448,0.18074513971805573,-0.2702849805355072,0.63428813219070435,0.571013331413269,0.446808785200119,0.30579137802124023,0.15867540240287781,0.021851329132914543,0.012376653030514717,0.041587609797716141,0.0733906701207161,0.090647734701633453]],"jointUpperLimits":[2.96705972839036,1.48352986419518,1.22173047639603,5.23598775598299,2.26892802759263,6.28318530717959],"jointLowerLimits":[-2.96705972839036,-1.13446401379631,-3.14159265358979,-5.23598775598299,-2.26892802759263,-6.28318530717959],"axisTranslations":[[0.0,0.0,-0.78],[-0.78,-0.32,-4.77596477990727E-17],[-1.915,-0.32,-4.77596477990727E-17],[-2.115,2.81659461379147E-17,-1.9125],[2.115,1.9125,-1.4526892872218E-16],[2.115,-2.81659461379147E-17,-1.9125],null,null,null]}