{"delta_t":0.5,"jointArray":[[-1.6064176559448242,-1.2923312187194824,-0.97356843948364258,-0.56958627700805664,-0.16884368658065796,0.23292072117328644,0.66393834352493286,0.82097184658050537,0.82090991735458374,0.67504864931106567,0.22600111365318298,-0.199131041765213,-0.68022489547729492,-0.9093814492225647,-1.0665045976638794,-1.3850569725036621,-1.6426575183868408],[0.16973772644996643,0.15484486520290375,0.13973027467727661,0.12057489156723022,0.10157312452793121,0.082522891461849213,0.0620855875313282,0.17362199723720551,0.17693294584751129,0.052805785089731216,0.047567598521709442,0.042608387768268585,0.036996375769376755,0.013518269173800945,0.06503903865814209,0.12387652695178986,0.17145608365535736],[-0.52164226770401,-0.42763626575469971,-0.33223059773445129,-0.21131877601146698,-0.091376572847366333,0.028871472924947739,0.15787498652935028,0.40056785941123962,0.40599009394645691,0.19648131728172302,0.16901853680610657,0.14301836490631104,0.11359570920467377,0.18687041103839874,-0.041223373264074326,-0.31284177303314209,-0.53248888254165649],[-0.084367945790290833,-0.0884556770324707,-0.092604272067546844,-0.097861960530281067,-0.10307749360799789,-0.10830631107091904,-0.11391586065292358,-0.14924149215221405,-0.15016601979732513,-0.097796343266963959,-0.042655434459447861,0.0095487805083394051,0.0686248242855072,0.062174543738365173,0.0555788055062294,-0.0215363260358572,-0.083896301686763763],[0.894838809967041,0.95774358510971069,1.0215848684310913,1.1024937629699707,1.1827538013458252,1.2632186412811279,1.3495421409606934,0.97103595733642578,0.9596257209777832,1.3955574035644531,1.4383513927459717,1.4788662195205688,1.5247142314910889,1.4406688213348389,1.3986895084381104,1.1160999536514282,0.88758081197738647],[0.099660024046897888,0.17776824533939362,0.25703942775726318,0.35750329494476318,0.45716151595115662,0.55707383155822754,0.664260983467102,0.010679710656404495,-0.0085926586762070656,0.64337855577468872,0.46003827452659607,0.28646233677864075,0.090037956833839417,0.45010998845100403,0.020252088084816933,0.059173509478569031,0.090647734701633453]],"jointUpperLimits":[2.96705972839036,1.48352986419518,1.22173047639603,5.23598775598299,2.26892802759263,6.28318530717959],"jointLowerLimits":[-2.96705972839036,-1.13446401379631,-3.14159265358979,-5.23598775598299,-2.26892802759263,-6.28318530717959],"axisTranslations":[[0.0,0.0,-0.78],[-0.78,-0.32,-4.77596477990727E-17],[-1.915,-0.32,-4.77596477990727E-17],[-2.115,2.81659461379147E-17,-1.9125],[2.115,1.9125,-1.4526892872218E-16],[2.115,-2.81659461379147E-17,-1.9125],null,null,null]}