{"delta_t":0.5,"jointArray":[[-1.421515941619873,-1.2537559270858765,-1.0580734014511108,-0.8328593373298645,-0.60905224084854126,-0.38480871915817261,-0.15836127102375031,0.07207074761390686,0.30836215615272522,0.55255138874053955,0.80465269088745117,0.82103520631790161,0.819750964641571,0.82213097810745239,0.651624858379364,0.36128851771354675,0.083065032958984375,-0.19618500769138336,-0.47645461559295654,-0.77114617824554443,-0.91090953350067139,-1.0225263833999634,-1.1702839136123657,-1.3041326999664307,-1.42149817943573],[-0.4060836136341095,-0.37165910005569458,-0.33150491118431091,-0.28529077768325806,-0.23936536908149719,-0.19335038959980011,-0.14688318967819214,-0.099598333239555359,-0.0511111319065094,-0.0010032886639237404,0.053253430873155594,0.17023517191410065,0.23888404667377472,0.11166554689407349,0.052532542496919632,0.049145739525556564,0.045900236815214157,0.042642757296562195,0.039373379200696945,0.035935770720243454,0.0098168067634105682,-0.068583980202674866,-0.19357000291347504,-0.30679076910018921,-0.40606865286827087],[-2.8476907232288795E-07,0.015361020341515541,0.033279109746217728,0.053901318460702896,0.074394688010215759,0.09492802619934082,0.11566317081451416,0.13676318526268005,0.15839970111846924,0.18075941503047943,0.20796772837638855,0.39502140879631042,0.50744509696960449,0.29910409450531006,0.1950487494468689,0.17729242146015167,0.1602768748998642,0.14319854974746704,0.12605786323547363,0.10803516954183578,0.20223203301429749,0.0766993835568428,0.048295244574546814,0.022564860060811043,3.13001964968862E-06],[-2.4261564979255468E-10,-0.00866846926510334,-0.018779747188091278,-0.030416972935199738,-0.041981499642133713,-0.053568571805953979,-0.065269529819488525,-0.077176369726657867,-0.089385986328125,-0.10200369358062744,-0.11613985896110535,-0.14829577505588531,-0.16744832694530487,-0.13194142282009125,-0.09492000937461853,-0.059268083423376083,-0.025103559717535973,0.0091870222240686417,0.043602801859378815,0.079789526760578156,0.056237891316413879,0.073324963450431824,0.04617057740688324,0.021572303026914597,3.2644084058119915E-06],[0.52359890937805176,0.58771008253097534,0.662492036819458,0.74855971336364746,0.83408975601196289,0.91978657245635986,1.0063257217407227,1.0943875312805176,1.1846885681152344,1.2780077457427979,1.3555682897567749,0.982707679271698,0.74632984399795532,1.1845511198043823,1.3977897167205811,1.425458550453186,1.4519731998443604,1.4785854816436768,1.5052950382232666,1.5333789587020874,1.4220670461654663,1.3067159652709961,1.0167046785354614,0.75399297475814819,0.52363377809524536],[5.303457673022649E-10,0.052603855729103088,0.11396326869726181,0.18458275496959686,0.25476107001304626,0.32507622241973877,0.39608246088027954,0.46833813190460205,0.5424310564994812,0.61900055408477783,0.66798239946365356,0.030393723398447037,-0.36885815858840942,0.37131556868553162,0.63381493091583252,0.51527434587478638,0.40167930722236633,0.28766512870788574,0.1732347160577774,0.052915982902050018,0.52980446815490723,-2.83129146794181E-08,-1.7631407445151126E-08,-7.9553812426524928E-09,2.9011432145509275E-10]],"jointUpperLimits":[2.96705972839036,1.48352986419518,1.22173047639603,5.23598775598299,2.26892802759263,6.28318530717959],"jointLowerLimits":[-2.96705972839036,-1.13446401379631,-3.14159265358979,-5.23598775598299,-2.26892802759263,-6.28318530717959],"axisTranslations":[[0.0,0.0,-0.78],[-0.78,-0.32,-4.77596477990727E-17],[-1.915,-0.32,-4.77596477990727E-17],[-2.115,2.81659461379147E-17,-1.9125],[2.115,1.9125,-1.4526892872218E-16],[2.115,-2.81659461379147E-17,-1.9125],null,null,null]}