{"axis_direction":[2,1,1,0,1,0],"arm_lengths":[[0.5,0.0,0.8,0.8,0.3,0.0],[0.0,0.0,0.0,0.0,0.0,0.0],[0.5,2.0,0.4,0.0,0.0,0.0],[1.0,1.0,1.0,1.0,1.0,1.0]],"acc_limit":6.2831853071795862,"TCP_vel_limit":100.0,"pos_lim_pos":[2.97,1.14,1.17,5.24,2.27,6.29],"pos_lim_neg":[-2.97,-1.14,-0.53,-5.24,-2.27,-6.29],"vel_lim_pos":[6.5449846949787363,5.2359877559829879,5.2359877559829879,7.4176493209759009,7.4176493209759009,10.035643198967394],"vel_lim_neg":[-6.5449846949787363,-5.2359877559829879,-5.2359877559829879,-7.4176493209759009,-7.4176493209759009,-10.035643198967394],"AXIS":[0],"TIME":[0,1,2,3,4,5,6,7,8,9,10,11,12,13,14],"TARGETS":[0,1,2,3,4,5,6,7,8,9,10,11,12,13],"ang_pos_targets":[[-1.4671477079391479,-1.0495907068252563,-0.66958367824554443,-0.24735370278358459,0.25932225584983826,0.69916492700576782,0.82084858417510986,0.63700723648071289,0.13670070469379425,-0.36997526884078979,-0.81945431232452393,-0.90595483779907227,-1.3311371803283691,-1.6426575183868408]],"N_targets":14,"n_axis":1,"N":15,"time_end":7.5,"time_step":0.5,"time_step_orig":0.5,"resolution":1,"robot_name":"IRB8700-800/3.5","optimal_poses":[[-2.97,-2.97,-2.97,-2.97,-2.97,-2.97,-2.97,-2.97,-2.97,-2.97,-2.97,-2.97,-2.97,-2.97,-2.97]],"optimal_velocity":[[0.0,0.0,0.0,0.0,0.0,0.0,0.0,0.0,0.0,0.0,0.0,0.0,0.0,0.0]],"optimal_acceleration":[[0.0,0.0,0.0,0.0,0.0,0.0,0.0,0.0,0.0,0.0,0.0,0.0,0.0]],"optimal_poses_decimated":[[-2.97,-2.97,-2.97,-2.97,-2.97,-2.97,-2.97,-2.97,-2.97,-2.97,-2.97,-2.97,-2.97,-2.97]],"optimal_velocity_decimated":[[0.0,0.0,0.0,0.0,0.0,0.0,0.0,0.0,0.0,0.0,0.0,0.0,0.0,0.0]],"optimal_acceleration_decimated":[[0.0,0.0,0.0,0.0,0.0,0.0,0.0,0.0,0.0,0.0,0.0,0.0,0.0,0.0]],"TCP_vel_original":null,"TCP_vel":null,"target_times":[0.0,1.0,2.0,3.0,4.0,5.0,6.0,7.0,9.0,10.0,11.0,12.0,13.0,14.0]}