{"delta_t":1.0,"jointArray":[[-1.2626791000366211,-0.78392177820205688,-0.25809767842292786,0.29907914996147156,0.82262420654296875,0.82131743431091309,0.383896142244339,-0.26935634016990662,-0.89392918348312378,-1.1297476291656494,-1.421515941619873],[-0.37349012494087219,-0.27524873614311218,-0.167349174618721,-0.053016010671854019,0.085297301411628723,0.15515011548995972,0.049409464001655579,0.041789203882217407,0.030068580061197281,-0.15928095579147339,-0.4060836136341095],[0.014543958939611912,0.058382391929626465,0.10653059184551239,0.15754967927932739,0.25592184066772461,0.37031716108322144,0.17867504060268402,0.13872353732585907,0.11913315951824188,0.05608772486448288,-2.8476907232288795E-07],[-0.008207397535443306,-0.032945666462183,-0.060115966945886612,-0.088906317949295044,-0.12459304928779602,-0.14408360421657562,-0.062044192105531693,0.018172115087509155,0.087493367493152618,0.053620200604200363,-2.4261564979255468E-10],[0.58429998159408569,0.76726168394088745,0.96821039915084839,1.1811410188674927,1.2750605344772339,1.0346940755844116,1.4233040809631348,1.4855586290359497,1.5225092172622681,1.0962673425674438,0.52359890937805176],[0.049805875867605209,0.1999279111623764,0.36480852961540222,0.539520263671875,0.524249255657196,0.11820076406002045,0.52450472116470337,0.25779023766517639,0.09948459267616272,-2.0561806479690858E-08,5.303457673022649E-10]],"jointUpperLimits":[2.96705972839036,1.48352986419518,1.22173047639603,5.23598775598299,2.26892802759263,6.28318530717959],"jointLowerLimits":[-2.96705972839036,-1.13446401379631,-3.14159265358979,-5.23598775598299,-2.26892802759263,-6.28318530717959],"axisTranslations":[[0.0,0.0,-0.78],[-0.78,-0.32,-4.77596477990727E-17],[-1.915,-0.32,-4.77596477990727E-17],[-2.115,2.81659461379147E-17,-1.9125],[2.115,1.9125,-1.4526892872218E-16],[2.115,-2.81659461379147E-17,-1.9125],null,null,null]}