{"delta_t":0.5,"jointArray":[[-1.3553581237792969,-1.1317722797393799,-0.87359583377838135,-0.60493052005767822,-0.33559471368789673,-0.0625327080488205,0.21737775206565857,0.50752532482147217,0.80541843175888062,0.82051372528076172,0.8204997181892395,0.80524879693984985,0.4790167510509491,0.12963922321796417,-0.18939439952373505,-0.54186099767684937,-0.8717924952507019,-0.91302204132080078,-1.1048718690872192,-1.2855066061019897,-1.421515941619873],[-0.392507940530777,-0.34662792086601257,-0.29364994168281555,-0.2385195791721344,-0.18325163424015045,-0.12721908092498779,-0.069781206548213959,-0.010242673568427563,0.053599312901496887,0.19811013340950012,0.19885878264904022,0.0575144998729229,0.050519052892923355,0.046443529427051544,0.042721968144178391,0.038610409945249557,0.034117806702852249,0.023093285039067268,-0.13823892176151276,-0.2910352349281311,-0.4060836136341095],[0.0060576065443456173,0.02653072401881218,0.050171196460723877,0.07477211207151413,0.099434420466423035,0.12443792074918747,0.15006852149963379,0.17663650214672089,0.20834608376026154,0.44067114591598511,0.44189721345901489,0.20967057347297668,0.18449242413043976,0.16312526166439056,0.14361384510993958,0.12205775082111359,0.10458145290613174,0.10392937809228897,0.060869704931974411,0.026145439594984055,-2.8476907232288795E-07],[-0.0034185019321739674,-0.014971595257520676,-0.028312044218182564,-0.04219447448849678,-0.056111551821231842,-0.070221170783042908,-0.084684662520885468,-0.099677115678787231,-0.11623699963092804,-0.15607929229736328,-0.15628834068775177,-0.11465185135602951,-0.073724552989006042,-0.030822649598121643,0.0083531672134995461,0.051634397357702255,0.09107787162065506,0.091216832399368286,0.058191776275634766,0.024995341897010803,-2.4261564979255468E-10],[0.54888182878494263,0.63432729244232178,0.73299187421798706,0.83566492795944214,0.93859422206878662,1.04294753074646,1.1499179601669312,1.2608006000518799,1.3550921678543091,0.886644721031189,0.88406467437744141,1.36420476436615,1.4142390489578247,1.4475345611572266,1.4779382944107056,1.5115282535552979,1.5396934747695923,1.5154869556427002,1.1450921297073364,0.79055130481719971,0.52359890937805176],[0.02074488066136837,0.090853825211524963,0.17180918157100677,0.25605350732803345,0.34050807356834412,0.42613103985786438,0.5139014720916748,0.60488194227218628,0.66694289445877075,-0.13186065852642059,-0.13621850311756134,0.66123765707015991,0.56334125995635986,0.42069494724273682,0.29043766856193542,0.14653013646602631,0.025863340124487877,0.031456861644983292,-2.2360092444273505E-08,-9.3018739377725979E-09,5.303457673022649E-10]],"jointUpperLimits":[2.96705972839036,1.48352986419518,1.22173047639603,5.23598775598299,2.26892802759263,6.28318530717959],"jointLowerLimits":[-2.96705972839036,-1.13446401379631,-3.14159265358979,-5.23598775598299,-2.26892802759263,-6.28318530717959],"axisTranslations":[[0.0,0.0,-0.78],[-0.78,-0.32,-4.77596477990727E-17],[-1.915,-0.32,-4.77596477990727E-17],[-2.115,2.81659461379147E-17,-1.9125],[2.115,1.9125,-1.4526892872218E-16],[2.115,-2.81659461379147E-17,-1.9125],null,null,null]}