{"delta_t":0.5,"jointArray":[[-1.5343503952026367,-1.3586704730987549,-1.1443783044815063,-0.93702757358551025,-0.66848301887512207,-0.39302077889442444,-0.098104029893875122,0.15545286238193512,0.43114599585533142,0.7097465991973877,0.82148170471191406,0.8205757737159729,0.73060476779937744,0.36128851771354675,-0.063075333833694458,-0.48982545733451843,-0.86501717567443848,-1.06460702419281,-1.3833349943161011,-1.6426575183868408],[0.1663205474615097,0.15799044072628021,0.14782945811748505,0.13799764215946198,0.12526421248912811,0.11220279335975647,0.0982189029455185,0.086196139454841614,0.073123767971992493,0.059913523495197296,0.14637041091918945,0.194798082113266,0.053453855216503143,0.049145739525556564,0.044195491820573807,0.039217408746480942,0.034562140703201294,0.0646885484457016,0.12355846911668777,0.17145608365535736],[-0.50007253885269165,-0.44749161601066589,-0.38335397839546204,-0.32129389047622681,-0.24091854691505432,-0.15847274661064148,-0.070204190909862518,0.0056853457354009151,0.088200271129608154,0.17158539593219757,0.35593897104263306,0.43524715304374695,0.199878990650177,0.17729242146015167,0.15133924782276154,0.12524013221263885,0.10346317291259766,-0.039605386555194855,-0.3113735020160675,-0.53248888254165649],[-0.085305884480476379,-0.087592288851737976,-0.090381234884262085,-0.0930798277258873,-0.096574857831001282,-0.1001598984003067,-0.10399813950061798,-0.10729809105396271,-0.11088614910840988,-0.11451204121112823,-0.14163203537464142,-0.15515448153018951,-0.1046183705329895,-0.059268083423376083,-0.007158215157687664,0.045244675129652023,0.0908532366156578,0.056038171052932739,-0.021119466051459312,-0.083896301686763763],[0.90927237272262573,0.94445723295211792,0.98737537860870361,1.0289032459259033,1.0826869010925293,1.1378560066223145,1.1969214677810669,1.2477034330368042,1.3029187917709351,1.3587164878845215,1.064950704574585,0.89805865287780762,1.3902629613876343,1.425458550453186,1.465900182723999,1.5065692663192749,1.5409069061279297,1.4003727436065674,1.1176273822784424,0.88758081197738647],[0.11758199334144592,0.16127072274684906,0.21456176042556763,0.26612654328346252,0.33290925621986389,0.40141227841377258,0.47475329041481018,0.53780877590179443,0.6063692569732666,0.67565274238586426,0.16930565237998962,-0.11258194595575333,0.6660614013671875,0.51527434587478638,0.34201210737228394,0.16777557134628296,0.020664593204855919,0.020020239055156708,0.0589631125330925,0.090647734701633453]],"jointUpperLimits":[2.96705972839036,1.48352986419518,1.22173047639603,5.23598775598299,2.26892802759263,6.28318530717959],"jointLowerLimits":[-2.96705972839036,-1.13446401379631,-3.14159265358979,-5.23598775598299,-2.26892802759263,-6.28318530717959],"axisTranslations":[[0.0,0.0,-0.78],[-0.78,-0.32,-4.77596477990727E-17],[-1.915,-0.32,-4.77596477990727E-17],[-2.115,2.81659461379147E-17,-1.9125],[2.115,1.9125,-1.4526892872218E-16],[2.115,-2.81659461379147E-17,-1.9125],null,null,null]}