{"axis_direction":[2,1,1,0,1,0],"arm_lengths":[[0.5,0.0,0.8,0.8,0.3,0.0],[0.0,0.0,0.0,0.0,0.0,0.0],[0.5,2.0,0.4,0.0,0.0,0.0],[1.0,1.0,1.0,1.0,1.0,1.0]],"acc_limit":6.2831853071795862,"TCP_vel_limit":100.0,"pos_lim_pos":[2.97,1.14,1.17,5.24,2.27,6.29],"pos_lim_neg":[-2.97,-1.14,-0.53,-5.24,-2.27,-6.29],"vel_lim_pos":[6.5449846949787363,5.2359877559829879,5.2359877559829879,7.4176493209759009,7.4176493209759009,10.035643198967394],"vel_lim_neg":[-6.5449846949787363,-5.2359877559829879,-5.2359877559829879,-7.4176493209759009,-7.4176493209759009,-10.035643198967394],"AXIS":[0,1,2,3,4,5],"TIME":[0,1,2,3,4,5,6,7,8,9,10,11,12,13,14,15,16,17,18,19,20,21],"TARGETS":[0,1,2,3,4,5,6,7,8,9,10,11],"ang_pos_targets":[[29.865235169702252,30.653030355745038,31.263360013538083,31.611674716048917,31.929393966966352,32.235391219430646,32.237694164090833,31.639655952625951,30.880723675065717,30.204156239801129,29.949635942750653,29.77326901751109],[31.583021899038037,31.545667489343366,31.516727854781827,31.500212018662175,31.485146914892873,31.670114149623593,31.5470131685073,31.463467632704457,31.454614610695323,31.507796568148812,31.554807146363935,31.587382619553289],[30.910963137918195,31.1467501421506,31.329421718888959,31.43367226915904,31.528765586488923,31.948433717065534,31.746835847669324,31.584806134277066,31.538391483300408,31.250840102606496,31.033819576078137,30.883437653356275],[31.330833328240594,31.320580435269555,31.3126372073824,31.308104013376912,31.303969000750264,31.244957019859037,31.278562178188047,31.373550058626613,31.46674334006854,31.436339403786739,31.3747251492972,31.332030234211167],[32.321926196389875,32.479704459481916,32.6019403536851,32.671700199418744,32.735332568460187,32.118798096948346,32.533548434549054,32.854494412713727,32.92682023840495,32.685749848657331,32.459963401132306,32.303507347875318],[31.529444788866719,31.725356777482709,31.877135922485074,31.963756163888654,32.042767842584333,30.973665465884885,31.674195965104779,31.875037302547177,31.565175106101712,31.453927514427384,31.485025366121015,31.506574270599565]],"N_targets":12,"n_axis":6,"N":22,"time_end":11.0,"time_step":0.5,"time_step_orig":0.5,"resolution":1,"robot_name":"IRB8700-800/3.5","theTruth":[[29.865235169702252,29.865235169702252,30.087206323915204,30.339376648240766,30.653030355745038,30.945629884772977,31.263360013538083,31.611674716048917,31.929393966966352,32.235808511548719,32.235391219430646,32.237694164090833,32.036031921678266,31.639655952625951,31.281098966770848,30.880723675065717,30.529727240377149,30.4680908520753,30.204156239801129,29.949635942750653,29.77326901751109,29.77326901751109],[31.583021899038037,31.583021899038037,31.572496836357793,31.560539831691464,31.545667489343366,31.531793480091771,31.516727854781827,31.500212018662175,31.485146914892873,31.481784229450902,31.670114149623593,31.5470131685073,31.468091403418263,31.463467632704457,31.459285033219537,31.454614610695323,31.448119365894279,31.459047110104045,31.507796568148812,31.554807146363935,31.587382619553289,31.587382619553289],[30.910963137918195,30.910963137918195,30.977399100833615,31.052873571687421,31.1467501421506,31.234325130754193,31.329421718888959,31.43367226915904,31.528765586488923,31.638841023021421,31.948433717065534,31.746835847669324,31.609047641330442,31.584806134277066,31.562877555661878,31.538391483300408,31.526998256617269,31.475887944274625,31.250840102606496,31.033819576078137,30.883437653356275,30.883437653356275],[31.330833328240594,31.330833328240594,31.327944447570523,31.324662541323384,31.320580435269555,31.3167723541195,31.3126372073824,31.308104013376912,31.303969000750264,31.296314132683953,31.244957019859037,31.278562178188047,31.324876961582383,31.373550058626613,31.417579153953163,31.46674334006854,31.505852495604238,31.500232694023332,31.436339403786739,31.3747251492972,31.332030234211167,31.332030234211167],[32.321926196389875,32.321926196389875,32.36638220148631,32.416886528306684,32.479704459481916,32.538305838876447,32.6019403536851,32.671700199418744,32.735332568460187,32.749932249360761,32.118798096948346,32.533548434549054,32.816719969087323,32.854494412713727,32.888664682679853,32.92682023840495,32.948051293664655,32.919887741380414,32.685749848657331,32.459963401132306,32.303507347875318,32.303507347875318],[31.529444788866719,31.529444788866719,31.584645469957074,31.64735611277171,31.725356777482709,31.798121531778058,31.877135922485074,31.963756163888654,32.042767842584333,32.040349443727216,30.973665465884885,31.674195965104779,32.036872466378888,31.875037302547177,31.728643139177045,31.565175106101712,31.474215888702354,31.421679399726024,31.453927514427384,31.485025366121015,31.506574270599565,31.506574270599565]],"optimal_poses":[[29.865235169702249,29.865235169702249,30.127833565049848,30.390431960397443,30.653030355745045,30.958195184641568,31.26336001353809,31.611674716048917,31.929393966966352,32.082392593198506,32.235391219430653,32.23769416409084,31.938675058358395,31.639655952625947,31.386678526772542,31.133701100919136,30.880723675065717,30.542439957433427,30.204156239801126,29.949635942750646,29.77326901751109,29.77326901751109],[31.583021899038034,31.583021899038041,31.570570429139813,31.55811895924159,31.545667489343362,31.5311976720626,31.516727854781834,31.500212018662172,31.485146914892876,31.57763053225824,31.6701141496236,31.547013168507295,31.505240400605881,31.463467632704461,31.460516625368083,31.457565618031708,31.454614610695323,31.481205589422071,31.507796568148816,31.554807146363931,31.587382619553292,31.587382619553292],[30.910963137918195,30.910963137918195,30.98955880599566,31.068154474073129,31.1467501421506,31.23808593051978,31.329421718888959,31.433672269159043,31.528765586488923,31.738599651777236,31.948433717065541,31.74683584766932,31.6658209909732,31.58480613427707,31.569334583951516,31.553863033625966,31.538391483300412,31.394615792953459,31.250840102606503,31.033819576078141,30.883437653356282,30.883437653356275],[31.330833328240598,31.3308333282406,31.327415697250256,31.323998066259907,31.320580435269559,31.316608821325985,31.312637207382398,31.308104013376912,31.303969000750268,31.274463010304657,31.244957019859033,31.27856217818805,31.326056118407337,31.373550058626616,31.404614485773923,31.43567891292123,31.46674334006854,31.45154137192764,31.436339403786739,31.3747251492972,31.332030234211167,31.33203023421116],[32.321926196389875,32.321926196389875,32.374518950753881,32.4271117051179,32.479704459481916,32.540822406583509,32.6019403536851,32.671700199418744,32.735332568460187,32.427065332704267,32.118798096948339,32.533548434549054,32.6940214236314,32.854494412713727,32.87860302127747,32.902711629841214,32.92682023840495,32.80628504353114,32.685749848657331,32.459963401132306,32.303507347875318,32.303507347875318],[31.529444788866719,31.529444788866719,31.594748785072049,31.660052781277383,31.725356777482705,31.801246349983892,31.877135922485078,31.963756163888657,32.042767842584333,31.508216654234609,30.973665465884881,31.674195965104776,31.774616633825982,31.875037302547181,31.771749903732026,31.668462504916874,31.565175106101709,31.509551310264548,31.453927514427384,31.485025366121018,31.506574270599568,31.506574270599568]],