{"axis_direction":[2,1,1,0,1,0],"arm_lengths":[[0.0,-0.78,-1.915,-2.115,2.115,2.115],[0.0,-0.32,-0.32,2.81659461379147E-17,1.9125,-2.81659461379147E-17],[-0.78,-4.77596477990727E-17,-4.77596477990727E-17,-1.9125,-1.4526892872218E-16,-1.9125],[1.0,1.0,1.0,1.0,1.0,1.0]],"acc_limit":6.2831853071795862,"TCP_vel_limit":100.0,"pos_lim_pos":[2.96705972839036,1.48352986419518,1.22173047639603,5.23598775598299,2.26892802759263,6.28318530717959],"pos_lim_neg":[-2.96705972839036,-1.13446401379631,-3.14159265358979,-5.23598775598299,-2.26892802759263,-6.28318530717959],"vel_lim_pos":[6.5449846949787363,5.2359877559829879,5.2359877559829879,7.4176493209759009,7.4176493209759009,10.035643198967394],"vel_lim_neg":[-6.5449846949787363,-5.2359877559829879,-5.2359877559829879,-7.4176493209759009,-7.4176493209759009,-10.035643198967394],"AXIS":[0,1,2,3,4,5],"TIME":[0,1,2,3,4,5,6,7,8,9,10,11,12,13,14],"TARGETS":[0,1,2,3,4,5,6,7],"ang_pos_targets":[[-1.2758618593215942,-1.2758618593215942,-0.25809767842292786,0.82262420654296875,0.39975923299789429,-0.88467919826507568,-1.4212316274642944,-1.4212316274642944],[-0.3761952817440033,-0.3761952817440033,-0.167349174618721,0.085297301411628723,0.049594506621360779,0.032497759908437729,-0.40584328770637512,-0.40584328770637512],[0.013336848467588425,0.013336848467588425,0.10653059184551239,0.25592184066772461,0.17964519560337067,0.10995972156524658,5.4351850849343464E-05,5.4351850849343464E-05],[-0.0075262179598212242,-0.0075262179598212242,-0.060115966945886612,-0.12459304928779602,-0.063992105424404144,0.090216785669326782,5.2232662710594013E-05,5.2232662710594013E-05],[0.57926201820373535,0.57926201820373535,0.96821039915084839,1.2750605344772339,1.4217922687530518,1.5334415435791016,0.52415674924850464,0.52415674924850464],[0.045672200620174408,0.045672200620174408,0.36480852961540222,0.524249255657196,0.53098142147064209,0.052647892385721207,-1.4698410891189617E-11,-1.4698410891189617E-11]],"N_targets":8,"n_axis":6,"N":15,"time_end":16.0,"time_step":1.0,"time_step_orig":2.0,"resolution":2,"robot_name":"IRB8700-800/3.5","optimal_poses":[[-1.2758618593216657,-1.2758618593216655,-1.2758618593216657,-0.76697976887233776,-0.2580976784230099,0.282263264059986,0.82262420654298207,0.39975923299789723,-0.02310574054718758,-0.45389246940617745,-0.88467919826516728,-1.1529554128647335,-1.4212316274642993,-1.4212316274642993,-1.4212316274642993],[-0.3761952817440597,-0.37619528174405964,-0.3761952817440597,-0.27177222818138325,-0.16734917461870683,-0.041025936603572476,0.085297301411561888,0.049594506621311055,0.013891711831060215,0.023194735869704969,0.03249775990834973,-0.18667276389901197,-0.40584328770637373,-0.40584328770637373,-0.40584328770637373],[0.013336848467604407,0.013336848467604407,0.013336848467604407,0.059933720156540117,0.10653059184547584,0.18122621625657695,0.25592184066767804,0.1796451956032856,0.10336855053889314,0.10666413605203164,0.10995972156517014,0.055007036708000785,5.4351850831435642E-05,5.4351850831435642E-05,5.4351850831433819E-05],[-0.0075262179598292326,-0.0075262179598292326,-0.0075262179598292326,-0.03382109245288898,-0.060115966945948715,-0.092354508116918463,-0.12459304928788818,-0.063992105424476434,-0.003391161561064681,0.043412812054090637,0.090216785669245944,0.045134509165950118,5.2232662654287749E-05,5.2232662654287749E-05,5.22326626543057E-05],[0.579262018203699,0.57926201820369894,0.579262018203699,0.77373620867726955,0.96821039915084006,1.121635466813991,1.2750605344771415,1.4217922687530067,1.5685240030288716,1.5509827733039829,1.5334415435790938,1.028799146413778,0.52415674924846212,0.52415674924846212,0.524156749248462],[0.045672200620094465,0.045672200620094465,0.045672200620094465,0.20524036511771918,0.36480852961534388,0.44452889263622986,0.52424925565711578,0.5309814214705797,0.53771358728404361,0.2951807398348486,0.052647892385653539,0.026323946185468062,-1.4717413982866558E-11,-1.4717413982866558E-11,-1.471741390027353E-11]],"optimal_velocity":[[0.0,0.0,0.50888209044932775,0.50888209044932775,0.54036094248299582,0.54036094248299593,-0.42286497354508473,-0.42286497354508479,-0.43078672885898978,-0.43078672885898989,-0.26827621459956591,-0.26827621459956591,0.0,0.0],[0.0,0.0,0.10442305356267641,0.10442305356267642,0.12632323801513431,0.12632323801513434,-0.035702794790250833,-0.035702794790250833,0.0093030240386447575,0.0093030240386447575,-0.21917052380736171,-0.21917052380736171,0.0,0.0],[0.0,0.0,0.046596871688935705,0.046596871688935712,0.0746956244111011,0.0746956244111011,-0.076276645064392454,-0.076276645064392454,0.0032955855131384972,0.0032955855131384976,-0.054952684857169344,-0.054952684857169358,0.0,0.0],[0.0,0.0,-0.026294874493059738,-0.026294874493059742,-0.032238541170969727,-0.032238541170969734,0.060600943863411735,0.060600943863411749,0.046803973615155307,0.046803973615155314,-0.045082276503295826,-0.045082276503295826,0.0,0.0],[0.0,0.0,0.19447419047357051,0.19447419047357054,0.15342506766315067,0.1534250676631507,0.14673173427586508,0.14673173427586508,-0.017541229724889053,-0.017541229724889053,-0.50464239716531578,-0.50464239716531578,0.0,0.0],[0.0,0.0,0.1595681644976247,0.1595681644976247,0.079720363020885962,0.079720363020885962,0.0067321658134638831,0.0067321658134638831,-0.24253284744919498,-0.24253284744919504,-0.026323946200185473,-0.026323946200185477,0.0,0.0]],"optimal_acceleration":[[0.0,0.50888209044932775,0.0,0.031478852033668181,0.0,-0.96322591602808072,0.0,-0.0079217553139050989,0.0,0.16251051425942398,0.0,0.26827621459956591,0.0],[0.0,0.10442305356267642,0.0,0.021900184452457921,0.0,-0.16202603280538519,0.0,0.045005818828895594,0.0,-0.22847354784600649,0.0,0.21917052380736171,0.0],[0.0,0.046596871688935712,0.0,0.028098752722165388,0.0,-0.15097226947549355,0.0,0.079572230577530947,0.0,-0.058248270370307859,0.0,0.054952684857169358,0.0],[0.0,-0.026294874493059742,0.0,-0.0059436666779099923,0.0,0.092839485034381483,0.0,-0.013796970248256435,0.0,-0.09188625011845114,0.0,0.045082276503295826,0.0],[0.0,0.19447419047357054,0.0,-0.041049122810419836,0.0,-0.006693333387285616,0.0,-0.16427296400075414,0.0,-0.48710116744042675,0.0,0.50464239716531578,0.0],[0.0,0.1595681644976247,0.0,-0.079847801476738742,0.0,-0.072988197207422084,0.0,-0.24926501326265893,0.0,0.21620890124900954,0.0,0.026323946200185477,0.0]],"optimal_poses_decimated":[[-1.2758618593216657,-1.2758618593216657,-0.2580976784230099,0.82262420654298207,-0.02310574054718758,-0.88467919826516728,-1.4212316274642993,-1.4212316274642993],[-0.3761952817440597,-0.3761952817440597,-0.16734917461870683,0.085297301411561888,0.013891711831060215,0.03249775990834973,-0.40584328770637373,-0.40584328770637373],[0.013336848467604407,0.013336848467604407,0.10653059184547584,0.25592184066767804,0.10336855053889314,0.10995972156517014,5.4351850831435642E-05,5.4351850831433819E-05],[-0.0075262179598292326,-0.0075262179598292326,-0.060115966945948715,-0.12459304928788818,-0.003391161561064681,0.090216785669245944,5.2232662654287749E-05,5.22326626543057E-05],[0.579262018203699,0.579262018203699,0.96821039915084006,1.2750605344771415,1.5685240030288716,1.5334415435790938,0.52415674924846212,0.524156749248462],[0.045672200620094465,0.045672200620094465,0.36480852961534388,0.52424925565711578,0.53771358728404361,0.052647892385653539,-1.4717413982866558E-11,-1.471741390027353E-11]],