{"delta_t":0.5,"jointArray":[[-1.421515941619873,-1.2880899906158447,-0.99266684055328369,-0.63381808996200562,-0.29162934422492981,0.09290788322687149,0.45700159668922424,0.80438977479934692,0.81992757320404053,0.82138365507125854,0.64853799343109131,0.22582666575908661,-0.19930684566497803,-0.64823693037033081,-0.90840369462966919,-1.0138256549835205,-1.2546314001083374,-1.421515941619873],[-0.4060836136341095,-0.3787044882774353,-0.31808340549468994,-0.24444733560085297,-0.17422990500926971,-0.095322534441947937,-0.020610189065337181,0.053137410432100296,0.2294476181268692,0.15161323547363281,0.052496537566185,0.047565564513206482,0.042606338858604431,0.037369519472122192,0.015886861830949783,-0.061224177479743958,-0.26491838693618774,-0.4060836136341095],[-2.8476907232288795E-07,0.012217155657708645,0.039268206804990768,0.072126954793930054,0.10346020013093948,0.13867117464542389,0.17201018333435059,0.20784229040145874,0.49199140071868896,0.3645249605178833,0.19485996663570404,0.16900786757469177,0.14300762116909027,0.11555202305316925,0.17704039812088013,0.078371964395046234,0.032080713659524918,-2.8476907232288795E-07],[-2.4261564979255468E-10,-0.00689436960965395,-0.022159427404403687,-0.040701799094676971,-0.05838332325220108,-0.078253068029880524,-0.09706646203994751,-0.11610721051692963,-0.16482965648174286,-0.14309598505496979,-0.094540961086750031,-0.042634010314941406,0.0095703694969415665,0.064696855843067169,0.0659734457731247,0.07492394745349884,0.030669469386339188,-2.4261564979255468E-10],[0.52359890937805176,0.5745889544487,0.687487781047821,0.82462525367736816,0.95539599657058716,1.1023507118225098,1.2414925098419189,1.3557242155075073,0.7786489725112915,1.0468829870224,1.3980839252471924,1.4383680820465088,1.4788830280303955,1.5216658115386963,1.452572226524353,1.3237932920455933,0.85115152597427368,0.52359890937805176],[5.303457673022649E-10,0.041837882250547409,0.13447257876396179,0.24699534475803375,0.35429412126541138,0.474871963262558,0.5890393853187561,0.66832613945007324,-0.31426984071731567,0.13878826797008514,0.63255459070205688,0.45996701717376709,0.28639054298400879,0.10309822112321854,0.39911291003227234,-2.8941895990897137E-08,-1.1533860089230075E-08,5.303457673022649E-10]],"jointUpperLimits":[2.96705972839036,1.48352986419518,1.22173047639603,5.23598775598299,2.26892802759263,6.28318530717959],"jointLowerLimits":[-2.96705972839036,-1.13446401379631,-3.14159265358979,-5.23598775598299,-2.26892802759263,-6.28318530717959],"axisTranslations":[[0.0,0.0,-0.78],[-0.78,-0.32,-4.77596477990727E-17],[-1.915,-0.32,-4.77596477990727E-17],[-2.115,2.81659461379147E-17,-1.9125],[2.115,1.9125,-1.4526892872218E-16],[2.115,-2.81659461379147E-17,-1.9125],null,null,null]}