{"delta_t":2.0,"jointArray":[[-1.2758618593215942,-0.25809767842292786,0.82262420654296875,0.39975923299789429,-0.88467919826507568,-1.4212316274642944],[-0.3761952817440033,-0.167349174618721,0.085297301411628723,0.049594506621360779,0.032497759908437729,-0.40584328770637512],[0.013336848467588425,0.10653059184551239,0.25592184066772461,0.17964519560337067,0.10995972156524658,5.4351850849343464E-05],[-0.0075262179598212242,-0.060115966945886612,-0.12459304928779602,-0.063992105424404144,0.090216785669326782,5.2232662710594013E-05],[0.57926201820373535,0.96821039915084839,1.2750605344772339,1.4217922687530518,1.5334415435791016,0.52415674924850464],[0.045672200620174408,0.36480852961540222,0.524249255657196,0.53098142147064209,0.052647892385721207,-1.4698410891189617E-11]],"jointUpperLimits":[2.96705972839036,1.48352986419518,1.22173047639603,5.23598775598299,2.26892802759263,6.28318530717959],"jointLowerLimits":[-2.96705972839036,-1.13446401379631,-3.14159265358979,-5.23598775598299,-2.26892802759263,-6.28318530717959],"axisTranslations":[[0.0,0.0,-0.78],[-0.78,-0.32,-4.77596477990727E-17],[-1.915,-0.32,-4.77596477990727E-17],[-2.115,2.81659461379147E-17,-1.9125],[2.115,1.9125,-1.4526892872218E-16],[2.115,-2.81659461379147E-17,-1.9125],null,null,null]}