{"axis_direction":[2,1,1,0,1,0],"arm_lengths":[[0.5,0.0,0.8,0.8,0.3,0.0],[0.0,0.0,0.0,0.0,0.0,0.0],[0.5,2.0,0.4,0.0,0.0,0.0],[1.0,1.0,1.0,1.0,1.0,1.0]],"acc_limit":6.2831853071795862,"TCP_vel_limit":100.0,"pos_lim_pos":[2.97,1.14,1.17,5.24,2.27,6.29],"pos_lim_neg":[-2.97,-1.14,-0.53,-5.24,-2.27,-6.29],"vel_lim_pos":[6.5449846949787363,5.2359877559829879,5.2359877559829879,7.4176493209759009,7.4176493209759009,10.035643198967394],"vel_lim_neg":[-6.5449846949787363,-5.2359877559829879,-5.2359877559829879,-7.4176493209759009,-7.4176493209759009,-10.035643198967394],"AXIS":[0],"TIME":[0,1,2,3,4,5,6,7,8,9,10,11,12,13,14,15],"TARGETS":[0,1,2,3,4,5,6,7,8,9,10,11,12,13],"ang_pos_targets":[[4.799395505581991,5.0778159538852137,5.4555310646640223,5.8451240698443812,6.2316699663745325,6.6411258916007441,7.0533003846751612,6.7296622733222407,6.2792018989669245,5.799317632113592,5.4390462676631373,5.2562672535525721,4.9032120148288172,4.6405277887927454]],"N_targets":14,"n_axis":1,"N":16,"time_end":8.0,"time_step":0.5,"time_step_orig":0.5,"resolution":1,"robot_name":"IRB8700-800/3.5","optimal_poses":[[4.7993955055820576,4.7993955055820576,5.0778159538852954,5.45553106466411,5.8451240698444717,6.2316699663746853,6.6411258916007876,7.0533003846751585,6.7296622733223721,6.2792018989669023,5.7993176321136808,5.4390462676632279,5.2562672535526875,4.9032120148288767,4.6405277887928937,4.6405277887928937]],"optimal_velocity":[[0.0,0.55684089660647607,0.75543022155762829,0.77918601036072532,0.77309179306042475,0.81891185045220682,0.8243489861487403,-0.64727622270557439,-0.90092074871093775,-0.95976853370644255,-0.72054272890090676,-0.36555802822107958,-0.70611047744762445,-0.5253684520719637,0.0]],"optimal_acceleration":[[1.1136817932129521,0.39717864990230439,0.047511577606194073,-0.012188434600601249,0.0916401147835643,0.010874271393066898,-2.94325041770863,-0.50728905201072649,-0.11769556999100977,0.47845160961107169,0.70996940135965436,-0.68110489845308986,0.36148405075132167,1.0507369041439272]],"optimal_poses_decimated":[[4.7993955055820576,4.7993955055820576,5.0778159538852954,5.45553106466411,5.8451240698444717,6.2316699663746853,6.6411258916007876,7.0533003846751585,6.7296622733223721,6.2792018989669023,5.7993176321136808,5.4390462676632279,5.2562672535526875,4.9032120148288767]],"optimal_velocity_decimated":[[0.0,0.55684089660647607,0.75543022155762829,0.77918601036072532,0.77309179306042475,0.81891185045220682,0.8243489861487403,-0.64727622270557439,-0.90092074871093775,-0.95976853370644255,-0.72054272890090676,-0.36555802822107958,-0.70611047744762445,-0.5253684520719637]],"optimal_acceleration_decimated":[[1.1136817932129521,0.39717864990230439,0.047511577606194073,-0.012188434600601249,0.0916401147835643,0.010874271393066898,-2.94325041770863,-0.50728905201072649,-0.11769556999100977,0.47845160961107169,0.70996940135965436,-0.68110489845308986,0.36148405075132167,1.0507369041439272]],"TCP_vel_original":null,"TCP_vel":null,"target_times":[0.0,2.0,3.0,4.0,5.0,6.0,7.0,8.0,9.0,10.0,11.0,12.0,13.0,15.0]}