{"delta_t":0.5,"jointArray":[[-1.6426575183868408,-1.4707938432693481,-1.2332967519760132,-0.91722387075424194,-0.5936506986618042,-0.25929895043373108,0.10700008273124695,0.47751441597938538,0.81586360931396484,0.81960040330886841,0.82188040018081665,0.56771206855773926,0.16574734449386597,-0.25972265005111694,-0.66610509157180786,-0.90960443019866943,-1.0456925630569458,-1.3169809579849243,-1.5704929828643799,-1.6426576375961304],[0.17145608365535736,0.16330692172050476,0.15204565227031708,0.13705863058567047,0.12171594798564911,0.10586218535900116,0.088493593037128448,0.070925146341323853,0.061872020363807678,0.24693185091018677,0.12505708634853363,0.051553692668676376,0.046864733099937439,0.041901580989360809,0.037161089479923248,0.012978114187717438,0.0611950047314167,0.11130271852016449,0.1581270843744278,0.17145611345767975],[-0.53248888254165649,-0.48105007410049438,-0.40996724367141724,-0.31536665558815,-0.21852125227451324,-0.11844981461763382,-0.0088165607303380966,0.10207832604646683,0.21484310925006866,0.52062469720840454,0.32103493809700012,0.18991683423519135,0.16533353924751282,0.13931272923946381,0.11445925384759903,0.18911214172840118,-0.023477714508771896,-0.25479581952095032,-0.47095668315887451,-0.53248894214630127],[-0.083896301686763763,-0.086133047938346863,-0.089223988354206085,-0.093337573111057281,-0.097548767924308777,-0.10190024226903915,-0.10666749626398087,-0.11148961633443832,-0.11848104000091553,-0.16943773627281189,-0.13568073511123657,-0.084615916013717651,-0.035256557166576385,0.016989145427942276,0.066890977323055267,0.061308201402425766,0.060616973787546158,-0.0050565111450850964,-0.066426709294319153,-0.083896301686763763],[0.88758081197738647,0.9220014214515686,0.9695669412612915,1.0328694581985474,1.0976741313934326,1.164637565612793,1.237999439239502,1.31220543384552,1.3462303876876831,0.72177684307098389,1.1384010314941406,1.4057865142822266,1.4440935850143433,1.4846405982971191,1.5233687162399292,1.4379541873931885,1.4171518087387085,1.1764904260635376,0.9515984058380127,0.88758081197738647],[0.090647734701633453,0.13338750600814819,0.1924491673707962,0.27105137705802917,0.35151880979537964,0.43466675281524658,0.52575939893722534,0.61790037155151367,0.64550232887268066,-0.41032925248146057,0.29336616396903992,0.59955441951751709,0.43543744087219238,0.26172354817390442,0.095802903175354,0.46173983812332153,0.017709231004118919,0.0508558452129364,0.081830509006977081,0.09064774215221405]],"jointUpperLimits":[2.96705972839036,1.48352986419518,1.22173047639603,5.23598775598299,2.26892802759263,6.28318530717959],"jointLowerLimits":[-2.96705972839036,-1.13446401379631,-3.14159265358979,-5.23598775598299,-2.26892802759263,-6.28318530717959],"axisTranslations":[[0.0,0.0,-0.78],[-0.78,-0.32,-4.77596477990727E-17],[-1.915,-0.32,-4.77596477990727E-17],[-2.115,2.81659461379147E-17,-1.9125],[2.115,1.9125,-1.4526892872218E-16],[2.115,-2.81659461379147E-17,-1.9125],null,null,null]}