{"delta_t":0.1,"jointArray":[[-1.421515941619873,-1.421515941619873,-1.421515941619873,-1.421515941619873,-1.421515941619873,-1.3938808441162109,-1.328795313835144,-1.2626935243606567,-1.1970412731170654,-1.1534982919692993,-1.1101101636886597,-1.0668624639511108,-1.0022284984588623,-0.93782848119735718,-0.87360835075378418,-0.8095320463180542,-0.745563268661499,-0.68164217472076416,-0.61772722005844116,-0.53246122598648071,-0.44704511761665344,-0.36136984825134277,-0.27536025643348694,-0.18890056014060974,-0.10189451277256012,-0.014258568175137043,0.074134849011898041,0.16337606310844421,0.2535707950592041,0.34485140442848206,0.43731248378753662,0.53109204769134521,0.62631303071975708,0.72311556339263916,0.79647433757781982,0.82065308094024658,0.82221591472625732,0.8213457465171814,0.820436418056488,0.81960040330886841,0.81928616762161255,0.8194587230682373,0.82029646635055542,0.82121056318283081,0.82208657264709473,0.82235443592071533,0.79298341274261475,0.69259512424468994,0.58722174167633057,0.48168849945068359,0.375995010137558,0.27014407515525818,0.19066737592220306,0.11109694093465805,0.0048741796053946018,-0.10149011015892029,-0.20801326632499695,-0.31467187404632568,-0.4214911162853241,-0.52844816446304321,-0.63555437326431274,-0.71597754955291748,-0.79614025354385376,-0.85391467809677124,-0.88690567016601563,-0.90840369462966919,-0.91085684299468994,-0.905925989151001,-0.9211077094078064,-0.98022818565368652,-1.0411015748977661,-1.0986359119415283,-1.1535423994064331,-1.2063363790512085,-1.2448060512542725,-1.2948524951934814,-1.3437423706054687,-1.3915977478027344,-1.4200721979141235],[-0.4060836136341095,-0.4060836136341095,-0.4060836136341095,-0.4060836136341095,-0.4060836136341095,-0.40041288733482361,-0.38705724477767944,-0.37349310517311096,-0.36002123355865479,-0.35108616948127747,-0.34218287467956543,-0.33330839872360229,-0.32004547119140625,-0.30683052539825439,-0.29365250468254089,-0.28050398826599121,-0.26737752556800842,-0.25426089763641357,-0.24114547669887543,-0.22364881634712219,-0.20612137019634247,-0.18854071199893951,-0.17089147865772247,-0.15314987301826477,-0.13529615104198456,-0.11731318384408951,-0.099174782633781433,-0.08086240291595459,-0.062354370951652527,-0.043623510748147964,-0.024650417268276215,-0.0054067652672529221,0.014132661744952202,0.033996626734733582,0.050154294818639755,0.066672824323177338,0.10712625086307526,0.15363612771034241,0.20224443078041077,0.24693185091018677,0.26372882723808289,0.25450816750526428,0.20972494781017303,0.16086575388908386,0.11403887718915939,0.072510048747062683,0.055263776332139969,0.053010467439889908,0.051781274378299713,0.050550218671560287,0.049317292869091034,0.048082530498504639,0.047155424952507019,0.04622722789645195,0.044988133013248444,0.043747380375862122,0.042504776269197464,0.041260592639446259,0.040014535188674927,0.038766868412494659,0.037517465651035309,0.036579322069883347,0.035644214600324631,0.0349460169672966,0.032041739672422409,0.015886861830949783,0.0099442703649401665,0.022593414410948753,0.017043307423591614,-0.032804612070322037,-0.084296442568302155,-0.13296392560005188,-0.17940862476825714,-0.22406621277332306,-0.25660714507102966,-0.2989407479763031,-0.34029600024223328,-0.38077616691589355,-0.40486240386962891],[-2.8476907232288795E-07,-2.8476907232288795E-07,-2.8476907232288795E-07,-2.8476907232288795E-07,-2.8476907232288795E-07,0.0025301838759332895,0.0084898835048079491,0.014542642049491405,0.020554224029183388,0.024541327729821205,0.028514262288808823,0.032474316656589508,0.038392674177885056,0.044289592653512955,0.050170052796602249,0.056037332862615585,0.061894778162240982,0.067747838795185089,0.073600344359874725,0.081407912075519562,0.089229218661785126,0.097074262797832489,0.10494991391897202,0.11286678165197372,0.12083368003368378,0.12885823845863342,0.13695217669010162,0.14512373507022858,0.15338261425495148,0.16174091398715973,0.17020732164382935,0.17879444360733032,0.1875135600566864,0.19637748599052429,0.20489831268787384,0.22598615288734436,0.2916702926158905,0.36783778667449951,0.44744178652763367,0.52062469720840454,0.54813247919082642,0.5330321192741394,0.4596923291683197,0.37967747449874878,0.30299085378646851,0.23495922982692719,0.20546719431877136,0.19755440950393677,0.19111001491546631,0.1846558153629303,0.17819182574748993,0.17171822488307953,0.16685760021209717,0.16199125349521637,0.15549489855766296,0.14898987114429474,0.14247515797615051,0.13595214486122131,0.12941931188106537,0.1228780522942543,0.116327665746212,0.11140915751457214,0.1065065786242485,0.10307495296001434,0.11162786185741425,0.17704039812088013,0.20170304179191589,0.14755138754844666,0.097243331372737885,0.084830552339553833,0.0731285959482193,0.06206849217414856,0.051513537764549255,0.041364721953868866,0.033969510346651077,0.024348845705389977,0.01495051383972168,0.0057510454207658768,0.00027725109248422086],[-2.4261564979255468E-10,-2.4261564979255468E-10,-2.4261564979255468E-10,-2.4261564979255468E-10,-2.4261564979255468E-10,-0.0014279577881097794,-0.00479104882106185,-0.0082066534087061882,-0.011599021963775158,-0.013848967850208282,-0.016090916469693184,-0.018325597047805786,-0.021665358915925026,-0.024993021041154861,-0.028311397880315781,-0.031622335314750671,-0.034927722066640854,-0.038230642676353455,-0.041533242911100388,-0.045939099043607712,-0.050352703779935837,-0.054779704660177231,-0.059223975986242294,-0.063691511750221252,-0.068187274038791656,-0.072715580463409424,-0.077283032238483429,-0.081894285976886749,-0.086554817855358124,-0.091271452605724335,-0.096049085259437561,-0.10089485347270966,-0.105815090239048,-0.11081705987453461,-0.11525402963161469,-0.1197299137711525,-0.13067391514778137,-0.14366084337234497,-0.15723371505737305,-0.16943773627281189,-0.17282159626483917,-0.17103156447410583,-0.15932250022888184,-0.14567957818508148,-0.13260412216186523,-0.12093087285757065,-0.1125585064291954,-0.099950961768627167,-0.087011612951755524,-0.074052631855010986,-0.061073973774909973,-0.048075981438159943,-0.038316618651151657,-0.028545742854475975,-0.015502093359827995,-0.0024410628248006105,0.010639474727213383,0.02373664453625679,0.036853544414043427,0.049987364560365677,0.063139498233795166,0.073015086352825165,0.082858681678771973,0.0899127945303917,0.0897752046585083,0.0659734457731247,0.056442324072122574,0.077254354953765869,0.091584794223308563,0.081098370254039764,0.069911286234855652,0.059337817132472992,0.049247272312641144,0.039544988423585892,0.032475162297487259,0.023277794942259789,0.01429297961294651,0.0054982774890959263,0.00026532448828220367],[0.52359890937805176,0.52359890937805176,0.52359890937805176,0.52359890937805176,0.52359890937805176,0.53415995836257935,0.55903303623199463,0.58429443836212158,0.60938411951065063,0.62602448463439941,0.64260566234588623,0.65913313627243042,0.683833658695221,0.70844477415084839,0.732987105846405,0.75747448205947876,0.78192079067230225,0.80634886026382446,0.83077454566955566,0.863359808921814,0.89600235223770142,0.92874407768249512,0.96161335706710815,0.99465477466583252,1.0279049873352051,1.0613960027694702,1.0951763391494751,1.129280686378479,1.1637494564056396,1.1986333131790161,1.2339681386947632,1.2698068618774414,1.3061964511871338,1.3431905508041382,1.3589783906936646,1.3286086320877075,1.2001944780349731,1.0399115085601807,0.87239694595336914,0.72177684307098389,0.68001353740692139,0.70210599899291992,0.84661751985549927,1.0149967670440674,1.1763721704483032,1.3152328729629517,1.3742179870605469,1.3938852548599243,1.4039273262023926,1.4139845371246338,1.4240570068359375,1.4341446161270142,1.4417186975479126,1.4493017196655273,1.459424614906311,1.4695611000061035,1.4797127246856689,1.4898772239685059,1.5000569820404053,1.5102499723434448,1.5204571485519409,1.5281213521957397,1.5357608795166016,1.5411434173583984,1.5314650535583496,1.452572226524353,1.4227076768875122,1.4872992038726807,1.5047310590744019,1.389736533164978,1.2702575922012329,1.1573319435119629,