{"delta_t":0.5,"jointArray":[[-1.6426575183868408,-1.4398506879806519,-1.1046849489212036,-0.693358838558197,-0.22931425273418427,0.22516714036464691,0.69428247213363647,0.82114934921264648,0.8208763599395752,0.64285147190093994,0.14373786747455597,-0.40516111254692078,-0.8514944314956665,-0.90767562389373779,-1.3355963230133057,-1.6426575183868408],[0.17145608365535736,0.16183970868587494,0.14594735205173492,0.12644374370574951,0.10444041341543198,0.082890540361404419,0.060646776109933853,0.16413293778896332,0.17872780561447144,0.052430205047130585,0.046607989817857742,0.040205024182796478,0.034991573542356491,0.030668694525957108,0.11474103480577469,0.17145608365535736],[-0.53248888254165649,-0.47178882360458374,-0.37147372961044312,-0.24836389720439911,-0.10947540402412415,0.026550820097327232,0.16695699095726013,0.38502800464630127,0.40892946720123291,0.19451220333576202,0.16398748755455017,0.13041801750659943,0.10315031558275223,0.11526350677013397,-0.27066856622695923,-0.53248888254165649],[-0.083896301686763763,-0.08653576672077179,-0.090897835791110992,-0.096251100301742554,-0.10229048132896423,-0.1082054078578949,-0.11431077867746353,-0.14659185707569122,-0.15066717565059662,-0.093842677772045135,-0.032553896307945251,0.034848295152187347,0.089644387364387512,0.086993426084518433,-0.0095629356801509857,-0.083896301686763763],[0.88758081197738647,0.92819863557815552,0.99532502889633179,1.0777047872543335,1.1706428527832031,1.26166570186615,1.3556193113327026,1.0037373304367065,0.95344030857086182,1.3986258506774902,1.4461909532546997,1.4985008239746094,1.5410008430480957,1.5177935361862183,1.159976601600647,0.88758081197738647],[0.090647734701633453,0.1410825252532959,0.22443285584449768,0.32672300934791565,0.44212344288825989,0.55514562129974365,0.67180711030960083,0.0659136176109314,-0.019040098413825035,0.63023287057876587,0.42645123600959778,0.2023429274559021,0.020261919125914574,0.1013200432062149,0.053130321204662323,0.090647734701633453]],"jointUpperLimits":[2.96705972839036,1.48352986419518,1.22173047639603,5.23598775598299,2.26892802759263,6.28318530717959],"jointLowerLimits":[-2.96705972839036,-1.13446401379631,-3.14159265358979,-5.23598775598299,-2.26892802759263,-6.28318530717959],"axisTranslations":[[0.0,0.0,-0.78],[-0.78,-0.32,-4.77596477990727E-17],[-1.915,-0.32,-4.77596477990727E-17],[-2.115,2.81659461379147E-17,-1.9125],[2.115,1.9125,-1.4526892872218E-16],[2.115,-2.81659461379147E-17,-1.9125],null,null,null]}