{"axis_direction":[2,1,1,0,1,0],"arm_lengths":[[0.5,0.0,0.8,0.8,0.3,0.0],[0.0,0.0,0.0,0.0,0.0,0.0],[0.5,2.0,0.4,0.0,0.0,0.0],[1.0,1.0,1.0,1.0,1.0,1.0]],"acc_limit":6.2831853071795862,"TCP_vel_limit":100.0,"pos_lim_pos":[2.97,1.14,1.17,5.24,2.27,6.29],"pos_lim_neg":[-2.97,-1.14,-0.53,-5.24,-2.27,-6.29],"vel_lim_pos":[6.5449846949787363,5.2359877559829879,5.2359877559829879,7.4176493209759009,7.4176493209759009,10.035643198967394],"vel_lim_neg":[-6.5449846949787363,-5.2359877559829879,-5.2359877559829879,-7.4176493209759009,-7.4176493209759009,-10.035643198967394],"AXIS":[0],"TIME":[0,1,2,3,4,5,6,7,8,9,10,11,12,13,14,15,16,17,18,19,20,21,22],"TARGETS":[0,1,2,3,4,5,6,7,8,9,10,11,12,13,14,15,16],"ang_pos_targets":[[4.9278271834002894,5.1514130274402063,5.4095894734012049,5.678254787121908,5.9475905934916895,6.2206525991307657,6.5005630592452448,6.7907106320010584,7.0886037389384668,6.7622020582305353,6.41282453039755,6.0937909076558512,5.7413243095027369,5.4113928119288843,5.178313438092367,4.9976787010775965,4.8616693655597132]],"N_targets":17,"n_axis":1,"N":23,"time_end":11.5,"time_step":0.5,"time_step_orig":0.5,"resolution":1,"robot_name":"IRB8700-800/3.5","optimal_poses":[[4.927827183400372,4.927827183400372,5.1514130274403378,5.40958947340127,5.67825478712189,5.9475905934917348,6.2206525991309309,6.5005630592452555,6.7907106320010708,7.0886037389383354,7.0812356809719708,6.7622020582307147,6.7318581531388926,6.4128245303974305,6.0937909076559684,6.0603579322442771,5.7413243095028168,5.730426434670524,5.4113928119288559,5.1783134380925269,4.9976787010776951,4.8616693655597345,4.8616693655597345]],"optimal_velocity":[[0.0,0.44717168807993218,0.51635289192186429,0.53733062744123983,0.53867161273969,0.54612401127839161,0.55982092022864816,0.58029514551163164,0.59578621387452979,-0.014736115932728666,-0.63806724548251426,-0.060687810183642679,-0.63806724548292537,-0.63806724548292537,-0.066865950823380149,-0.6380672454829226,-0.02179574966458412,-0.63806724548333771,-0.46615874767265691,-0.36126947402966436,-0.27201867103592042,0.0]],"optimal_acceleration":[[0.89434337615986448,0.13836240768386421,0.041955471038751233,0.0026819705969000989,0.01490479707740305,0.0273938179005133,0.040948450565967083,0.030982136725796104,-1.2210446596145168,-1.2466622590995713,1.1547588705977432,-1.154758870598565,0.0,1.1424025893190903,-1.142402589319085,1.232542991636677,-1.2325429916375072,0.34381699562136181,0.20977854728598511,0.17850160598748788,0.54403734207184085]],"optimal_poses_decimated":[[4.927827183400372,4.927827183400372,5.1514130274403378,5.40958947340127,5.67825478712189,5.9475905934917348,6.2206525991309309,6.5005630592452555,6.7907106320010708,7.0886037389383354,7.0812356809719708,6.7622020582307147,6.7318581531388926,6.4128245303974305,6.0937909076559684,6.0603579322442771,5.7413243095028168]],"optimal_velocity_decimated":[[0.0,0.44717168807993218,0.51635289192186429,0.53733062744123983,0.53867161273969,0.54612401127839161,0.55982092022864816,0.58029514551163164,0.59578621387452979,-0.014736115932728666,-0.63806724548251426,-0.060687810183642679,-0.63806724548292537,-0.63806724548292537,-0.066865950823380149,-0.6380672454829226,-0.02179574966458412]],"optimal_acceleration_decimated":[[0.89434337615986448,0.13836240768386421,0.041955471038751233,0.0026819705969000989,0.01490479707740305,0.0273938179005133,0.040948450565967083,0.030982136725796104,-1.2210446596145168,-1.2466622590995713,1.1547588705977432,-1.154758870598565,0.0,1.1424025893190903,-1.142402589319085,1.232542991636677,-1.2325429916375072]],"TCP_vel_original":null,"TCP_vel":null,"target_times":[0.0,2.0,3.0,4.0,5.0,6.0,7.0,8.0,9.0,11.0,13.0,14.0,16.0,18.0,19.0,20.0,22.0]}