{"delta_t":2.0,"jointArray":[[-1.421515941619873,-0.16720320284366608,0.82007676362991333,-0.58198177814483643,-1.421515941619873],[-0.4060836136341095,-0.14869755506515503,0.22146792709827423,0.03814239427447319,-0.4060836136341095],[-2.8476907232288795E-07,0.11485354602336884,0.47892335057258606,0.11960404366254807,-2.8476907232288795E-07],[-2.4261564979255468E-10,-0.064812652766704559,-0.16260148584842682,0.05656103789806366,-2.4261564979255468E-10],[0.52359890937805176,1.0029466152191162,0.80614876747131348,1.5153517723083496,0.52359890937805176],[5.303457673022649E-10,0.39330995082855225,-0.26782163977622986,0.13014933466911316,5.303457673022649E-10]],"jointUpperLimits":[2.96705972839036,1.48352986419518,1.22173047639603,5.23598775598299,2.26892802759263,6.28318530717959],"jointLowerLimits":[-2.96705972839036,-1.13446401379631,-3.14159265358979,-5.23598775598299,-2.26892802759263,-6.28318530717959],"axisTranslations":[[0.0,0.0,-0.78],[-0.78,-0.32,-4.77596477990727E-17],[-1.915,-0.32,-4.77596477990727E-17],[-2.115,2.81659461379147E-17,-1.9125],[2.115,1.9125,-1.4526892872218E-16],[2.115,-2.81659461379147E-17,-1.9125],null,null,null]}