{"delta_t":0.5,"jointArray":[[-1.6426575183868408,-1.3961089849472046,-1.1222598552703857,-0.76355069875717163,-0.37242341041564941,0.05986158549785614,0.45107635855674744,0.80553162097930908,0.81952804327011108,0.82226133346557617,0.50235217809677124,0.029656248167157173,-0.41794306039810181,-0.84667456150054932,-0.90684187412261963,-1.239882230758667,-1.5441616773605347,-1.6426576375961304],[0.17145608365535736,0.15976561605930328,0.14678068459033966,0.12977199256420135,0.11122614145278931,0.090728737413883209,0.072178736329078674,0.0579480342566967,0.25079971551895142,0.10469613969326019,0.050791263580322266,0.045277215540409088,0.040055923163890839,0.035054724663496017,0.029409753158688545,0.0970623716711998,0.1532636284828186,0.17145611345767975],[-0.53248888254165649,-0.4586968719959259,-0.37673389911651611,-0.26937231421470642,-0.15230795741081238,-0.022925108671188354,0.094165429472923279,0.20449112355709076,0.52695894241333008,0.28769057989120483,0.18591955304145813,0.1570105105638504,0.12963630259037018,0.10341601073741913,0.12059661000967026,-0.18905645608901978,-0.44850489497184753,-0.53248894214630127],[-0.083896301686763763,-0.087105050683021545,-0.090669102966785431,-0.095337577164173126,-0.10042796283960342,-0.10605400800704956,-0.11114553362131119,-0.11708345264196396,-0.17027117311954498,-0.12999534606933594,-0.07659003883600235,-0.018545214086771011,0.03641786053776741,0.089064054191112518,0.085651233792304993,0.013607540167868137,-0.060052420943975449,-0.083896301686763763],[0.88758081197738647,0.93695914745330811,0.99180525541305542,1.0636469125747681,1.1419812440872192,1.2285585403442383,1.3069103956222534,1.3598035573959351,0.71149051189422607,1.2085691690444946,1.4120153188705444,1.4570629596710205,1.4997189044952393,1.5405768156051636,1.5137495994567871,1.2448850870132446,0.97495704889297485,0.88758081197738647],[0.090647734701633453,0.15196041762828827,0.22006227076053619,0.30926743149757385,0.40653449296951294,0.51403677463531494,0.61132562160491943,0.66934055089950562,-0.42770329117774963,0.41188302636146545,0.572868824005127,0.37987318634986877,0.19712421298027039,0.022078707814216614,0.12327094376087189,0.041435755789279938,0.0786132887005806,0.09064774215221405]],"jointUpperLimits":[2.96705972839036,1.48352986419518,1.22173047639603,5.23598775598299,2.26892802759263,6.28318530717959],"jointLowerLimits":[-2.96705972839036,-1.13446401379631,-3.14159265358979,-5.23598775598299,-2.26892802759263,-6.28318530717959],"axisTranslations":[[0.0,0.0,-0.78],[-0.78,-0.32,-4.77596477990727E-17],[-1.915,-0.32,-4.77596477990727E-17],[-2.115,2.81659461379147E-17,-1.9125],[2.115,1.9125,-1.4526892872218E-16],[2.115,-2.81659461379147E-17,-1.9125],null,null,null]}