{"axis_direction":[2,1,1,0,1,0],"arm_lengths":[[0.0,-0.78,-1.915,-2.115,2.115,2.115],[0.0,-0.32,-0.32,2.81659461379147E-17,1.9125,-2.81659461379147E-17],[-0.78,-4.77596477990727E-17,-4.77596477990727E-17,-1.9125,-1.4526892872218E-16,-1.9125],[1.0,1.0,1.0,1.0,1.0,1.0]],"acc_limit":6.2831853071795862,"TCP_vel_limit":100.0,"pos_lim_pos":[2.96705972839036,1.48352986419518,1.22173047639603,5.23598775598299,2.26892802759263,6.28318530717959],"pos_lim_neg":[-2.96705972839036,-1.13446401379631,-3.14159265358979,-5.23598775598299,-2.26892802759263,-6.28318530717959],"vel_lim_pos":[6.5449846949787363,5.2359877559829879,5.2359877559829879,7.4176493209759009,7.4176493209759009,10.035643198967394],"vel_lim_neg":[-6.5449846949787363,-5.2359877559829879,-5.2359877559829879,-7.4176493209759009,-7.4176493209759009,-10.035643198967394],"AXIS":[0,1,2,3,4,5],"TIME":[0,1,2,3,4,5,6,7,8,9,10,11,12,13,14,15,16,17,18,19,20,21,22,23,24],"TARGETS":[0,1,2,3,4,5,6,7,8,9,10,11,12],"ang_pos_targets":[[-1.2626791000366211,-1.2626791000366211,-0.78392177820205688,-0.25809767842292786,0.29907914996147156,0.82262420654296875,0.82131743431091309,0.383896142244339,-0.26935634016990662,-0.89392918348312378,-1.1297476291656494,-1.421515941619873,-1.421515941619873],[-0.37349012494087219,-0.37349012494087219,-0.27524873614311218,-0.167349174618721,-0.053016010671854019,0.085297301411628723,0.15515011548995972,0.049409464001655579,0.041789203882217407,0.030068580061197281,-0.15928095579147339,-0.4060836136341095,-0.4060836136341095],[0.014543958939611912,0.014543958939611912,0.058382391929626465,0.10653059184551239,0.15754967927932739,0.25592184066772461,0.37031716108322144,0.17867504060268402,0.13872353732585907,0.11913315951824188,0.05608772486448288,-2.8476907232288795E-07,-2.8476907232288795E-07],[-0.008207397535443306,-0.008207397535443306,-0.032945666462183,-0.060115966945886612,-0.088906317949295044,-0.12459304928779602,-0.14408360421657562,-0.062044192105531693,0.018172115087509155,0.087493367493152618,0.053620200604200363,-2.4261564979255468E-10,-2.4261564979255468E-10],[0.58429998159408569,0.58429998159408569,0.76726168394088745,0.96821039915084839,1.1811410188674927,1.2750605344772339,1.0346940755844116,1.4233040809631348,1.4855586290359497,1.5225092172622681,1.0962673425674438,0.52359890937805176,0.52359890937805176],[0.049805875867605209,0.049805875867605209,0.1999279111623764,0.36480852961540222,0.539520263671875,0.524249255657196,0.11820076406002045,0.52450472116470337,0.25779023766517639,0.09948459267616272,-2.0561806479690858E-08,5.303457673022649E-10,5.303457673022649E-10]],"N_targets":13,"n_axis":6,"N":25,"time_end":13.0,"time_step":0.5,"time_step_orig":1.0,"resolution":2,"robot_name":"IRB8700-800/3.5","optimal_poses":[[-1.2626791000365805,-1.2626791000365807,-1.2626791000365805,-1.0233004391192224,-0.78392177820186415,-0.52100972831237113,-0.25809767842287828,0.020490735769389725,0.29907914996165769,0.56085167825236359,0.82262420654306956,0.82197082042708924,0.82131743431110893,0.60260678827769443,0.3838961422442802,0.0572699010371847,-0.26935634016991078,-0.58164276182643,-0.89392918348294936,-1.0118384063242309,-1.1297476291655129,-1.2756317853926449,-1.4215159416197773,-1.4215159416197773,-1.4215159416197776],[-0.37349012494081546,-0.37349012494081546,-0.37349012494081546,-0.32436943054194861,-0.27524873614308176,-0.22129895538084293,-0.1673491746186041,-0.11018259264516402,-0.053016010671723943,0.016140645370013026,0.08529730141175,0.1202237084508728,0.15515011548999566,0.10227978974592132,0.049409464001847009,0.045599333942067125,0.041789203882287254,0.035928891971835249,0.030068580061383254,-0.064606187865041256,-0.15928095579146576,-0.28268228471272139,-0.40608361363397705,-0.40608361363397705,-0.40608361363397705],[0.014543958939747633,0.014543958939747637,0.014543958939747633,0.036463175434737143,0.058382391929726649,0.082456491887655109,0.10653059184558361,0.13204013556249602,0.15754967927940847,0.20673575997358323,0.25592184066775808,0.31311950087557944,0.3703171610834009,0.27449610084311943,0.17867504060283804,0.15869928896439317,0.13872353732594839,0.12892834842211204,0.11913315951827572,0.087610442191465313,0.0560877248646549,0.028043720047813959,-2.8476902697149733E-07,-2.8476902697149733E-07,-2.8476902697149739E-07],[-0.0082073975353883864,-0.0082073975353883864,-0.0082073975353883864,-0.020576531998723925,-0.032945666462059466,-0.046530816703959373,-0.060115966945859294,-0.074511142447513071,-0.088906317949166883,-0.10674968361843117,-0.12459304928769543,-0.13433832675208937,-0.14408360421648334,-0.10306389816092061,-0.062044192105357922,-0.021936038508830098,0.018172115087697713,0.052832741290499453,0.0874933674933012,0.07055678404881241,0.053620200604323667,0.026810100180904524,-2.4251461553104417E-10,-2.4251461553104417E-10,-2.4251461553104422E-10],[0.58429998159410057,0.58429998159410057,0.58429998159410057,0.67578083276750034,0.7672616839409,0.86773604154591033,0.96821039915092055,1.0746757090092667,1.1811410188676126,1.228100776672425,1.2750605344772377,1.1548773050308534,1.0346940755844691,1.2289990782738018,1.423304080963135,1.4544313549996226,1.4855586290361102,1.5040339231491893,1.5225092172622685,1.3093882799148964,1.0962673425675247,0.80993312597284883,0.52359890937817333,0.52359890937817333,0.52359890937817333],[0.049805875867728319,0.049805875867728326,0.049805875867728319,0.12486689351513329,0.19992791116253822,0.28236822038904852,0.36480852961555882,0.4521643966437825,0.53952026367200623,0.53188475966465709,0.52424925565730818,0.32122500985872837,0.11820076406014859,0.32135274261249896,0.52450472116484936,0.39114747941506817,0.25779023766528719,0.17863741517078349,0.099484592676279848,0.049742286057230377,-2.0561819054961338E-08,-1.0015729994610273E-08,5.303590657407882E-10,5.303590657407882E-10,5.3035906574078831E-10]],