{"axis_direction":[2,1,1,0,1,0],"arm_lengths":[[0.5,0.0,0.8,0.8,0.3,0.0],[0.0,0.0,0.0,0.0,0.0,0.0],[0.5,2.0,0.4,0.0,0.0,0.0],[1.0,1.0,1.0,1.0,1.0,1.0]],"acc_limit":6.2831853071795862,"TCP_vel_limit":100.0,"pos_lim_pos":[2.97,1.14,1.17,5.24,2.27,6.29],"pos_lim_neg":[-2.97,-1.14,-0.53,-5.24,-2.27,-6.29],"vel_lim_pos":[6.5449846949787363,5.2359877559829879,5.2359877559829879,7.4176493209759009,7.4176493209759009,10.035643198967394],"vel_lim_neg":[-6.5449846949787363,-5.2359877559829879,-5.2359877559829879,-7.4176493209759009,-7.4176493209759009,-10.035643198967394],"AXIS":[0],"TIME":[0,1,2,3,4,5,6,7,8,9,10,11,12,13,14,15,16,17,18,19],"TARGETS":[0,1,2,3,4,5,6,7,8,9,10,11,12,13,14,15,16],"ang_pos_targets":[[4.8616693655597132,5.2169843355761927,5.516960624848501,5.8303794602500361,6.1470826903926294,6.4719488362418574,6.7773138324366968,7.0946444908725184,6.9554995934115809,6.60440627137293,6.2330232637571257,5.8598089555846613,5.48480606475939,5.3743553797351282,5.2186829487430018,5.0219449440585535,4.8616693655597132]],"N_targets":17,"n_axis":1,"N":20,"time_end":10.0,"time_step":0.5,"time_step_orig":0.5,"resolution":1,"robot_name":"IRB8700-800/3.5","optimal_poses":[[-992.9053555091275,-992.9053555091275,-992.9053555091275,-992.9053555091275,-992.9053555091275,-992.9053555091275,-992.9053555091275,-992.9053555091275,-992.9053555091275,-992.9053555091275,-992.9053555091275,-992.9053555091275,-992.9053555091275,-992.9053555091275,-992.9053555091275,-992.9053555091275,-992.9053555091275,-992.9053555091275,-992.9053555091275,-992.9053555091275]],"optimal_velocity":[[0.0,0.0,0.0,0.0,0.0,0.0,0.0,0.0,0.0,0.0,0.0,0.0,0.0,0.0,0.0,0.0,0.0,0.0,0.0]],"optimal_acceleration":[[-6.2831853071795862,-6.2831853071795862,-6.2831853071795862,-6.2831853071795862,-6.2831853071795862,-6.2831853071795862,-6.2831853071795862,-6.2831853071795862,-6.2831853071795862,-6.2831853071795862,-6.2831853071795862,-6.2831853071795862,-6.2831853071795862,-6.2831853071795862,-6.2831853071795862,-6.2831853071795862,-6.2831853071795862,-6.2831853071795862]],"optimal_poses_decimated":[[-992.9053555091275,-992.9053555091275,-992.9053555091275,-992.9053555091275,-992.9053555091275,-992.9053555091275,-992.9053555091275,-992.9053555091275,-992.9053555091275,-992.9053555091275,-992.9053555091275,-992.9053555091275,-992.9053555091275,-992.9053555091275,-992.9053555091275,-992.9053555091275,-992.9053555091275]],"optimal_velocity_decimated":[[0.0,0.0,0.0,0.0,0.0,0.0,0.0,0.0,0.0,0.0,0.0,0.0,0.0,0.0,0.0,0.0,0.0]],"optimal_acceleration_decimated":[[-6.2831853071795862,-6.2831853071795862,-6.2831853071795862,-6.2831853071795862,-6.2831853071795862,-6.2831853071795862,-6.2831853071795862,-6.2831853071795862,-6.2831853071795862,-6.2831853071795862,-6.2831853071795862,-6.2831853071795862,-6.2831853071795862,-6.2831853071795862,-6.2831853071795862,-6.2831853071795862,-6.2831853071795862]],"TCP_vel_original":null,"TCP_vel":null,"target_times":[0.0,1.0,1.0,1.0,1.0,1.0,1.0,1.0,1.0,1.0,1.0,1.0,1.0,1.0,1.0,1.0,1.0]}