{"delta_t":0.5,"jointArray":[[-1.5506913661956787,-1.3287202119827271,-1.0765498876571655,-0.76289618015289307,-0.47029665112495422,-0.15256652235984802,0.19574818015098572,0.51346743106842041,0.81988197565078735,0.81946468353271484,0.82176762819290161,0.62010538578033447,0.22372941672801971,-0.13482756912708282,-0.53520286083221436,-0.88619929552078247,-0.94783568382263184,-1.2117702960968018,-1.4662905931472778,-1.6426575183868408],[0.1670953631401062,0.15657030045986176,0.14461329579353333,0.12974095344543457,0.11586694419384003,0.10080131888389587,0.08428548276424408,0.069220378994941711,0.065857693552970886,0.25418761372566223,0.13108663260936737,0.052164867520332336,0.047541096806526184,0.043358497321605682,0.038688074797391891,0.032192829996347427,0.043120574206113815,0.0918700322508812,0.13888061046600342,0.17145608365535736],[-0.50496339797973633,-0.4385274350643158,-0.36305296421051025,-0.26917639374732971,-0.18160140514373779,-0.086504817008972168,0.0177457332611084,0.11283905059099197,0.22291448712348938,0.53250718116760254,0.33090931177139282,0.19312110543251038,0.16887959837913513,0.14695101976394653,0.12246494740247726,0.11107172071933746,0.059961408376693726,-0.16508643329143524,-0.3821069598197937,-0.53248888254165649],[-0.085093207657337189,-0.087982088327407837,-0.091263994574546814,-0.095346100628376007,-0.099154181778430939,-0.10328932851552963,-0.10782252252101898,-0.11195753514766693,-0.11961240321397781,-0.17096951603889465,-0.13736435770988464,-0.091049574315547943,-0.042376477271318436,0.0016526180552318692,0.050816804170608521,0.089925959706306458,0.084306158125400543,0.02041286788880825,-0.0412013866007328,-0.083896301686763763],[0.90599966049194336,0.95045566558837891,1.0009599924087524,1.0637779235839844,1.1223793029785156,1.1860138177871704,1.255773663520813,1.3194060325622559,1.3340057134628296,0.702871561050415,1.117621898651123,1.4007934331893921,1.4385678768157959,1.4727381467819214,1.510893702507019,1.5321247577667236,1.5039612054824829,1.2698233127593994,1.044036865234375,0.88758081197738647],[0.11351825296878815,0.16871893405914307,0.2314295768737793,0.30943024158477783,0.38219499588012695,0.46120938658714294,0.54782962799072266,0.62684130668640137,0.62442290782928467,-0.44226107001304626,0.25826942920684814,0.620945930480957,0.45911076664924622,0.31271660327911377,0.14924857020378113,0.058289352804422379,0.0057528638280928135,0.038000978529453278,0.0690988302230835,0.090647734701633453]],"jointUpperLimits":[2.96705972839036,1.48352986419518,1.22173047639603,5.23598775598299,2.26892802759263,6.28318530717959],"jointLowerLimits":[-2.96705972839036,-1.13446401379631,-3.14159265358979,-5.23598775598299,-2.26892802759263,-6.28318530717959],"axisTranslations":[[0.0,0.0,-0.78],[-0.78,-0.32,-4.77596477990727E-17],[-1.915,-0.32,-4.77596477990727E-17],[-2.115,2.81659461379147E-17,-1.9125],[2.115,1.9125,-1.4526892872218E-16],[2.115,-2.81659461379147E-17,-1.9125],null,null,null]}