{"delta_t":0.5,"jointArray":[[-1.6426575183868408,-1.3294925689697266,-0.93565237522125244,-0.53032481670379639,-0.086221449077129364,0.38775867223739624,0.80999302864074707,0.81929361820220947,0.78340476751327515,0.27897018194198608,-0.199131041765213,-0.68022489547729492,-0.91635990142822266,-1.323660135269165,-1.6426575183868408],[0.17145608365535736,0.15660691261291504,0.1379324346780777,0.11871325969696045,0.09765547513961792,0.0751810371875763,0.059113658964633942,0.26333171129226685,0.054444145411252975,0.048185490071773529,0.042608387768268585,0.036996375769376755,0.03618718683719635,0.11253638565540314,0.17145608365535736],[-0.53248888254165649,-0.43875861167907715,-0.32088232040405273,-0.19956782460212708,-0.0666477382183075,0.0752144530415535,0.20809146761894226,0.54748207330703735,0.20372152328491211,0.17225801944732666,0.14301836490631104,0.11359570920467377,0.091483727097511292,-0.26049098372459412,-0.53248888254165649],[-0.083896301686763763,-0.087972037494182587,-0.0930977314710617,-0.0983729362487793,-0.10415278375148773,-0.11032147705554962,-0.11756102740764618,-0.17274686694145203,-0.11118914932012558,-0.049159780144691467,0.0095487805083394051,0.0686248242855072,0.090361148118972778,-0.0066734203137457371,-0.083896301686763763],[0.88758081197738647,0.95030099153518677,1.0291786193847656,1.1103570461273193,1.1993012428283691,1.29422926902771,1.3554286956787109,0.68093585968017578,1.3791722059249878,1.4333034753799438,1.4788662195205688,1.5247142314910889,1.5270360708236694,1.170565128326416,0.88758081197738647],[0.090647734701633453,0.16852682828903198,0.26646852493286133,0.367266982793808,0.47770833969116211,0.59557950496673584,0.66157406568527222,-0.47931143641471863,0.675387978553772,0.48166483640670776,0.28646233677864075,0.090037956833839417,0.024254778400063515,0.051671925932168961,0.090647734701633453]],"jointUpperLimits":[2.96705972839036,1.48352986419518,1.22173047639603,5.23598775598299,2.26892802759263,6.28318530717959],"jointLowerLimits":[-2.96705972839036,-1.13446401379631,-3.14159265358979,-5.23598775598299,-2.26892802759263,-6.28318530717959],"axisTranslations":[[0.0,0.0,-0.78],[-0.78,-0.32,-4.77596477990727E-17],[-1.915,-0.32,-4.77596477990727E-17],[-2.115,2.81659461379147E-17,-1.9125],[2.115,1.9125,-1.4526892872218E-16],[2.115,-2.81659461379147E-17,-1.9125],null,null,null]}