{"delta_t":0.5,"jointArray":[[-1.4168761968612671,-1.312713623046875,-1.0486358404159546,-0.7323569655418396,-0.36350440979003906,-0.020577292889356613,0.3495672345161438,0.72059899568557739,0.82149344682693481,0.81964319944381714,0.82275909185409546,0.63114774227142334,0.28779539465904236,-0.057150803506374359,-0.43039935827255249,-0.75174796581268311,-0.91019225120544434,-1.0711783170700073,-1.3685435056686401,-1.41687609684061],[-0.46246263384819031,-0.43842253088951111,-0.37747493386268616,-0.30447956919670105,-0.21935053169727325,-0.14020490646362305,-0.054777681827545166,0.030854325741529465,0.14574374258518219,0.24464289844036102,0.078076519072055817,0.052293676882982254,0.048288434743881226,0.044264603406190872,0.039910618215799332,0.036162052303552628,0.011554188095033169,-0.12965071201324463,-0.41593173146247864,-0.462462693855394],[0.45825904607772827,0.4465077817440033,0.416715532541275,0.38103410601615906,0.33942151069641113,0.300733745098114,0.25897538661956787,0.21711693704128265,0.35491269826889038,0.51687616109848022,0.24409663677215576,0.19379642605781555,0.17279773950576782,0.15170158445835114,0.12887449562549591,0.10922151803970337,0.19502162933349609,0.21837195754051208,0.42472004890441895,0.458259152095448],[0.21652938425540924,0.20106744766235352,0.16186761856079102,0.1149190217256546,0.0601663663983345,0.0092620914801955223,-0.04568234458565712,-0.10075849294662476,-0.14145705103874207,-0.16890840232372284,-0.1225544661283493,-0.0924055203795433,-0.050243478268384933,-0.0078857196494936943,0.037947434931993484,0.077407516539096832,0.059024415910243988,0.1356014758348465,0.205214723944664,0.216529409107422],[0.88758081197738647,0.9105449914932251,0.96876484155654907,1.038493275642395,1.1198121309280396,1.1954154968261719,1.2770193815231323,1.3588187694549561,1.0671104192733765,0.728309690952301,1.2982394695281982,1.3997411727905273,1.4324624538421631,1.4653356075286865,1.5009059906005859,1.5315303802490234,1.4307982921600342,1.3284057378768921,0.94921332597732544,0.887580811977386],[0.09064774215221405,0.11916214972734451,0.191453218460083,0.27803429961204529,0.37900736927986145,0.472883403301239,0.57421016693115234,0.67577981948852539,0.17295333743095398,-0.39929506182670593,0.56247252225875854,0.6254543662071228,0.48526808619499207,0.34443101286888123,0.19203846156597137,0.060836032032966614,0.4923977255821228,0.029932349920272827,0.082159027457237244,0.0906477347016335]],"jointUpperLimits":[2.96705972839036,1.48352986419518,1.22173047639603,5.23598775598299,2.26892802759263,6.28318530717959],"jointLowerLimits":[-2.96705972839036,-1.13446401379631,-3.14159265358979,-5.23598775598299,-2.26892802759263,-6.28318530717959],"axisTranslations":[[0.0,0.0,-0.78],[-0.78,-0.32,-4.77596477990727E-17],[-1.915,-0.32,-4.77596477990727E-17],[-2.115,2.81659461379147E-17,-1.9125],[2.115,1.9125,-1.4526892872218E-16],[2.115,-2.81659461379147E-17,-1.9125],null,null,null]}