{"delta_t":1.0,"jointArray":[[-1.3938808441162109,-0.8095320463180542,-0.10189451277256012,0.67450767755508423,0.82075792551040649,0.32308709621429443,-0.55520981550216675,-0.93786007165908813,-1.4200721979141235],[-0.40041288733482361,-0.28050398826599121,-0.13529615104198456,0.024022238329052925,0.18505784869194031,0.048700116574764252,0.038454692810773849,0.0030339499935507774,-0.40486240386962891],[0.0025301838759332895,0.056037332862615585,0.12083368003368378,0.19192659854888916,0.41929593682289124,0.17495609819889069,0.12124136090278625,0.09297516942024231,0.00027725109248422086],[-0.0014279577881097794,-0.031622335314750671,-0.068187274038791656,-0.10830540210008621,-0.15243472158908844,-0.054577130824327469,0.053273569792509079,0.088884636759758,0.00026532448828220367],[0.53415995836257935,0.75747448205947876,1.0279049873352051,1.3246145248413086,0.9316256046295166,1.4290992021560669,1.5128004550933838,1.472894549369812,0.52643263339996338],[0.0086654368788003922,0.19189739227294922,0.41378852725028992,0.657241940498352,-0.055885985493659973,0.49967721104621887,0.14107996225357056,-3.4433497830832493E-08,1.7623022485757645E-10]],"jointUpperLimits":[2.96705972839036,1.48352986419518,1.22173047639603,5.23598775598299,2.26892802759263,6.28318530717959],"jointLowerLimits":[-2.96705972839036,-1.13446401379631,-3.14159265358979,-5.23598775598299,-2.26892802759263,-6.28318530717959],"axisTranslations":[[0.0,0.0,-0.78],[-0.78,-0.32,-4.77596477990727E-17],[-1.915,-0.32,-4.77596477990727E-17],[-2.115,2.81659461379147E-17,-1.9125],[2.115,1.9125,-1.4526892872218E-16],[2.115,-2.81659461379147E-17,-1.9125],null,null,null]}