{"axis_direction":[2,1,1,0,1,0],"arm_lengths":[[0.5,0.0,0.8,0.8,0.3,0.0],[0.0,0.0,0.0,0.0,0.0,0.0],[0.5,2.0,0.4,0.0,0.0,0.0],[1.0,1.0,1.0,1.0,1.0,1.0]],"acc_limit":6.2831853071795862,"TCP_vel_limit":100.0,"pos_lim_pos":[2.97,1.14,1.17,5.24,2.27,6.29],"pos_lim_neg":[-2.97,-1.14,-0.53,-5.24,-2.27,-6.29],"vel_lim_pos":[6.5449846949787363,5.2359877559829879,5.2359877559829879,7.4176493209759009,7.4176493209759009,10.035643198967394],"vel_lim_neg":[-6.5449846949787363,-5.2359877559829879,-5.2359877559829879,-7.4176493209759009,-7.4176493209759009,-10.035643198967394],"AXIS":[0,1,2,3,4,5],"TIME":[0,1,2,3,4,5,6,7,8,9,10,11,12,13,14,15,16,17,18,19,20,21],"TARGETS":[0,1,2,3,4,5,6],"ang_pos_targets":[[29.881576140695294,32.146531303697309,31.352851202064237,30.926101078563413,30.03259154158183,29.77326901751109,29.77326901751109],[31.582247083359441,31.469380391114434,31.460122027718505,31.455143944644412,31.539485005014619,31.587382619553289,31.587382619553289],[30.91585399704524,31.615805526548108,31.567265783720693,31.54116666811057,31.104553033881864,30.883437653356275,30.883437653356275],[31.330620651417455,31.311308165364942,31.408768320740243,31.461171211027583,31.394807069846472,31.332030234211167,31.332030234211167],[32.325198908620557,32.806189497285565,32.88182671862193,32.922495802217206,32.533553918176374,32.303507347875318,32.303507347875318],[31.533508529239377,32.081987937265119,31.757938643270215,31.583702107244214,31.474889648431024,31.506574270599565,31.506574270599565]],"N_targets":7,"n_axis":6,"N":22,"time_end":11.0,"time_step":0.5,"time_step_orig":0.5,"resolution":1,"robot_name":"IRB8700-800/3.5","theTruth":[[29.881576140695294,29.881576140695294,30.057256062799176,30.271548231416425,30.478898962312421,30.747443517022809,31.022905757003507,31.317822506004056,31.571379398279866,31.847072531753263,32.125673135095319,32.237408240609845,32.236502309613904,32.146531303697309,31.777215053611478,31.352851202064237,30.926101078563413,30.550909360223493,30.351319511705121,30.03259154158183,29.77326901751109,29.77326901751109],[31.582247083359441,31.582247083359441,31.573916976624211,31.563755994015416,31.553924178057393,31.541190748387059,31.528129329257688,31.51414543884345,31.502122675352773,31.489050303869924,31.475840059393128,31.562296946817121,31.610724618011197,31.469380391114434,31.465072275423488,31.460122027718505,31.455143944644412,31.450488676601132,31.480615084343633,31.539485005014619,31.587382619553289,31.587382619553289],[30.91585399704524,30.91585399704524,30.968434919887265,31.032572557502469,31.094632645421704,31.175007988982877,31.25745378928729,31.345722344988069,31.421611881633332,31.504126807027539,31.587511931830129,31.771865506940564,31.851173688941678,31.615805526548108,31.593218957358083,31.567265783720693,31.54116666811057,31.519389708810529,31.376321149342736,31.104553033881864,30.883437653356275,30.883437653356275],[31.330620651417455,31.330620651417455,31.328334247046193,31.325545301013669,31.322846708172044,31.31935167806693,31.315766637497624,31.311928396397313,31.308628444843968,31.305040386789521,31.301414494686803,31.27429450052329,31.260772054367742,31.311308165364942,31.356658452474555,31.408768320740243,31.461171211027583,31.506779772513589,31.471964706950864,31.394807069846472,31.332030234211167,31.332030234211167],[32.325198908620557,32.325198908620557,32.360383768850049,32.403301914506635,32.444829781823834,32.49861343699046,32.553782542520246,32.612848003679,32.663629968934735,32.718845327668866,32.774643023782453,32.480877240472516,32.313985188775739,32.806189497285565,32.841385086351117,32.88182671862193,32.922495802217206,32.956833442025861,32.8162992795045,32.533553918176374,32.303507347875318,32.303507347875318],[31.533508529239377,31.533508529239377,31.57719725864478,31.6304882963235,31.682053079181394,31.748835792117795,31.817338814311704,31.890679826312741,31.953735311799726,32.0222957928712,32.091579278283795,31.585232188277921,31.303344589942178,32.081987937265119,31.931200881772718,31.757938643270215,31.583702107244214,31.436591129102787,31.435946774953088,31.474889648431024,31.506574270599565,31.506574270599565]],"optimal_poses":[[29.881576140684658,29.881576140684658,30.205141163976844,30.528706187269023,30.852271210561206,31.175836233853385,31.499401257145568,31.822966280437754,32.146531303729937,31.948111278309764,31.7496912528896,31.551271227469435,31.352851202049266,31.1394761403212,30.926101078593128,30.702723694339383,30.479346310085642,30.255968925831898,30.032591541578153,29.902930279540843,29.77326901750353,29.77326901750353],[31.582247083384829,31.582247083384836,31.566123270201423,31.549999457018014,31.533875643834605,31.517751830651196,31.501628017467784,31.485504204284375,31.469380391100966,31.4670658002627,31.464751209424431,31.462436618586164,31.460122027747897,31.457632986190603,31.455143944633303,31.476229209727567,31.497314474821831,31.518399739916088,31.539485005010352,31.56343381229582,31.587382619581284,31.587382619548315],[30.915853997039946,30.915853997039953,31.015847072686554,31.115840148333152,31.215833223979754,31.315826299626359,31.41581937527296,31.515812450919562,31.615805526566167,31.603975464886336,31.592145403206509,31.580315341526685,31.567265783716607,31.554216225906536,31.541166668096466,31.432013259550317,31.322859851004171,31.213706442458026,31.104553033911873,30.993995343631475,30.883437653351066,30.883437653351066],[31.330620651438625,31.330620651438625,31.327861724854944,31.325102798271253,31.322343871687565,31.31958494510388,31.316826018520192,31.314067091936511,31.31130816535282,31.335673204198208,31.360038243043604,31.384403281889,31.408768320734396,31.434969765893118,31.461171211051838,31.449512636609136,31.43785406216643,31.426195487723728,31.39480706987985,31.363418652035975,31.332030234192104,31.332030234192104],[32.325198908616258,32.325198908616258,32.393911849858284,32.462624791100325,32.531337732342358,32.600050673584391,32.668763614826432,32.737476556068458,32.8061894973105,32.825098802633661,32.844008107956832,32.862917413279995,32.881826718603165,32.902161260419277,32.922495802235389,32.825260331226154,32.728024860216919,32.630789389207678,32.533553918198436,32.418530633035154,32.303507347871864,32.303507347871864],[31.533508529221017,31.533508529221017,31.611862730373122,31.690216931525228,31.768571132677327,31.846925333829432,31.925279534981538,32.003633736133644,32.081987937285746,32.000975613787887,31.919963290290024,31.838950966792162,31.7579386432943,31.670820375265709,31.583702107237119,31.556498992534621,31.529295877832123,31.502092763129625,31.474889648427126,31.490731959524769,31.506574270622405,31.506574270589443]],