{"delta_t":0.5,"jointArray":[[-1.6426575183868408,-1.4758909940719604,-1.2812777757644653,-0.99070703983306885,-0.72333019971847534,-0.44943013787269592,-0.13602589070796967,0.15904486179351807,0.43491417169570923,0.74971544742584229,0.82088416814804077,0.82072913646698,0.75253927707672119,0.43618956208229065,0.14498524367809296,-0.22727558016777039,-0.53440934419631958,-0.87674492597579956,-1.0078051090240479,-1.2463943958282471,-1.4989291429519653,-1.6426576375961304],[0.17145608365535736,0.16354860365390778,0.15432074666023254,0.14054292440414429,0.12786488234996796,0.11487752199172974,0.10001701861619949,0.086025826632976532,0.072945088148117065,0.058018345385789871,0.17830900847911835,0.18659907579421997,0.0537097230553627,0.050019469112157822,0.046622540801763535,0.042280077934265137,0.038697332143783569,0.033644482493400574,0.054197084158658981,0.098265171051025391,0.14490902423858643,0.17145611345767975],[-0.53248888254165649,-0.48257565498352051,-0.42432793974876404,-0.33736017346382141,-0.25733432173728943,-0.17535606026649475,-0.081554211676120758,0.0067604333162307739,0.089328080415725708,0.18354807794094086,0.40824362635612488,0.42181995511054993,0.20122046768665314,0.18187320232391357,0.16406378149986267,0.1412971168756485,0.12251347303390503,0.10602207481861115,0.0088276183232665062,-0.19460909068584442,-0.40993660688400269,-0.53248894214630127],[-0.083896301686763763,-0.086066707968711853,-0.0885995402932167,-0.092381216585636139,-0.0958610326051712,-0.099425747990608215,-0.10350459814071655,-0.1073448434472084,-0.11093518882989883,-0.11503221839666367,-0.1505502462387085,-0.15286508202552795,-0.10731019824743271,-0.068465575575828552,-0.032707065343856812,0.013004796579480171,0.050719365477561951,0.090995125472545624,0.069788776338100433,0.012031093239784241,-0.049102507531642914,-0.083896301686763763],[0.88758081197738647,0.92098051309585571,0.95995742082595825,1.0181524753570557,1.0717021226882935,1.1265584230422974,1.1893265247344971,1.2484228610992432,1.3036735057830811,1.3667212724685669,0.95488351583480835,0.92631423473358154,1.3877453804016113,1.4183205366134644,1.4460722208023071,1.4815484285354614,1.5108180046081543,1.5380505323410034,1.450762152671814,1.2391082048416138,1.0150831937789917,0.88758081197738647],[0.090647734701633453,0.13211989402770996,0.18051707744598389,0.2527773380279541,0.31926962733268738,0.38738417625427246,0.46532273292541504,0.53870207071304321,0.60730636119842529,0.68559235334396362,-0.016602445393800735,-0.064857222139835358,0.67411613464355469,0.54585552215576172,0.4269605278968811,0.27497127652168274,0.14957255125045776,0.032902121543884277,0.013080054894089699,0.042231414467096329,0.073086664080619812,0.09064774215221405]],"jointUpperLimits":[2.96705972839036,1.48352986419518,1.22173047639603,5.23598775598299,2.26892802759263,6.28318530717959],"jointLowerLimits":[-2.96705972839036,-1.13446401379631,-3.14159265358979,-5.23598775598299,-2.26892802759263,-6.28318530717959],"axisTranslations":[[0.0,0.0,-0.78],[-0.78,-0.32,-4.77596477990727E-17],[-1.915,-0.32,-4.77596477990727E-17],[-2.115,2.81659461379147E-17,-1.9125],[2.115,1.9125,-1.4526892872218E-16],[2.115,-2.81659461379147E-17,-1.9125],null,null,null]}