{"delta_t":0.2,"jointArray":[[-1.4168761968612671,-1.4168761968612671,-1.4168761968612671,-1.4168761968612671,-1.4168761968612671,-1.4168761968612671,-1.4168761968612671,-1.4168761968612671,-1.4168761968612671,-1.4168761968612671,-1.4168761968612671,-1.4107291698455811,-1.3213756084442139,-1.2288570404052734,-1.1364353895187378,-1.0572755336761475,-0.95180153846740723,-0.84637290239334106,-0.754155158996582,-0.64878630638122559,-0.54340720176696777,-0.43802419304847717,-0.34577780961990356,-0.24032020568847656,-0.16119220852851868,-0.055624790489673615,0.02358638122677803,0.12927797436714172,0.2218233048915863,0.28795874118804932,0.36737462878227234,0.47333395481109619,0.55285131931304932,0.64569014310836792,0.7120363712310791,0.77821946144104,0.82089251279830933,0.82250440120697021,0.82199376821517944,0.821470320224762,0.82100099325180054,0.82038092613220215,0.81995660066604614,0.819462776184082,0.81966078281402588,0.820301353931427,0.82092374563217163,0.82152742147445679,0.82211387157440186,0.8226848840713501,0.79867398738861084,0.72860085964202881,0.6575208306312561,0.59428119659423828,0.546814501285553,0.47555720806121826,0.44386443495750427,0.37249812483787537,0.30106055736541748,0.22956231236457825,0.15799504518508911,0.094316206872463226,0.022615600377321243,-0.049144335091114044,-0.1209799125790596,-0.19288565218448639,-0.26485103368759155,-0.33688473701477051,-0.40899309515953064,-0.48116552829742432,-0.55339747667312622,-0.62570220232009888,-0.69807153940200806,-0.77050668001174927,-0.83495044708251953,-0.8968501091003418,-0.91100293397903442,-0.90680843591690063,-0.96484076976776123,-1.0376496315002441,-1.1092181205749512,-1.1872539520263672,-1.2561838626861572,-1.3164769411087036,-1.3689430952072144,-1.4168761968612671],[-0.46246263384819031,-0.46246263384819031,-0.46246263384819031,-0.46246263384819031,-0.46246263384819031,-0.46246263384819031,-0.46246263384819031,-0.46246263384819031,-0.46246263384819031,-0.46246263384819031,-0.46246263384819031,-0.46104398369789124,-0.4404217004776001,-0.41906896233558655,-0.397738516330719,-0.37946891784667969,-0.35512611269950867,-0.33079379796981812,-0.30951046943664551,-0.28519195318222046,-0.26087105274200439,-0.2365492582321167,-0.21525932848453522,-0.19092030823230743,-0.17265802621841431,-0.14829367399215698,-0.13001218438148499,-0.1056191697716713,-0.0842602401971817,-0.06899656355381012,-0.050667840987443924,-0.0262130256742239,-0.00786087941378355,0.013565788045525551,0.028878115117549896,0.044333841651678085,0.067676246166229248,0.09170183539390564,0.1189996674656868,0.14698119461536407,0.17206734418869019,0.20520839095115662,0.2278917133808136,0.25428888201713562,0.24370723962783813,0.20946471393108368,0.17619319260120392,0.14392374455928802,0.11257903277873993,0.0820542424917221,0.056075863540172577,0.053430479019880295,0.052601322531700134,0.051863625645637512,0.051309920847415924,0.050478696823120117,0.050108995288610458,0.049276500940322876,0.048443175852298737,0.047609139233827591,0.046774301677942276,0.046031482517719269,0.0451950877904892,0.044358000159263611,0.043520029634237289,0.042681243270635605,0.041841760277748108,0.04100148007273674,0.040160324424505234,0.039318427443504333,0.038475833833217621,0.037632390856742859,0.036788195371627808,0.035943232476711273,0.035191487520933151,0.028872199356555939,0.0095904609188437462,0.023488609120249748,-0.027276821434497833,-0.097371779382228851,-0.16627258062362671,-0.2413996160030365,-0.30776020884513855,-0.36580586433410645,-0.41631639003753662,-0.46246263384819031],[0.45825904607772827,0.45825904607772827,0.45825904607772827,0.45825904607772827,0.45825904607772827,0.45825904607772827,0.45825904607772827,0.45825904607772827,0.45825904607772827,0.45825904607772827,0.45825904607772827,0.4575655460357666,0.44748502969741821,0.43704742193222046,0.426620751619339,0.4176902174949646,0.40579104423522949,0.39389696717262268,0.38349327445030212,0.37160593271255493,0.35971748828887939,0.34782853722572327,0.33742165565490723,0.32552433013916016,0.31659737229347229,0.30468764901161194,0.29575133323669434,0.28382760286331177,0.27338698506355286,0.2659258246421814,0.25696641206741333,0.24501247704029083,0.23604162037372589,0.22556789219379425,0.2180829644203186,0.21091127395629883,0.22807182371616364,0.26641029119491577,0.31111496686935425,0.35693922638893127,0.3980218768119812,0.45229572057724,0.4894433319568634,0.53267306089401245,0.51534384489059448,0.45926612615585327,0.40477865934371948,0.351932168006897,0.30060011148452759,0.25061079859733582,0.20703701674938202,0.1997564435005188,0.19540934264659882,0.19154173135757446,0.18863879144191742,0.18428084254264832,0.18234258890151978,0.17797797918319702,0.17360900342464447,0.16923633217811584,0.16485942900180817,0.1609649658203125,0.15657992660999298,0.15219123661518097,0.14779792726039886,0.14340032637119293,0.13899907469749451,0.1345936506986618,0.13018366694450378,0.12576974928379059,0.12135220319032669,0.11693020164966583,0.1125042513012886,0.10807427018880844,0.10413303971290588,0.1238311231136322,0.20317141711711884,0.13703778386116028,0.14458198845386505,0.1951056569814682,0.24476857483386993,0.29891929030418396,0.34675124287605286,0.38858991861343384,0.42499729990959167,0.45825904607772827],[0.21652938425540924,0.21652938425540924,0.21652938425540924,0.21652938425540924,0.21652938425540924,0.21652938425540924,0.21652938425540924,0.21652938425540924,0.21652938425540924,0.21652938425540924,0.21652938425540924,0.21561692655086517,0.20235325396060944,0.18861973285675049,0.1749006062746048,0.16315008699893951,0.14749348163604736,0.13184361159801483,0.11815475672483444,0.10251375287771225,0.086871221661567688,0.071228116750717163,0.057535018771886826,0.041880838572978973,0.030135039240121841,0.014464559033513069,0.0027064133901149035,-0.012982498854398727,-0.026719974353909492,-0.036537155508995056,-0.048325680196285248,-0.064054347574710846,-0.075857937335968018,-0.089638978242874146,-0.099487446248531342,-0.10926169902086258,-0.11933506280183792,-0.12636695802211761,-0.13398931920528412,-0.141802579164505,-0.14880739152431488,-0.15806134045124054,-0.16439519822597504,-0.17099003493785858,-0.16868339478969574,-0.15924982726573944,-0.14995944499969482,-0.14094886183738708,-0.13219648599624634,-0.1236698254942894,-0.11346396803855896,-0.1043723076581955,-0.095644012093544,-0.087878480553627014,-0.082049794495105743,-0.073299743235111237,-0.069408014416694641,-0.060644570738077164,-0.0518723763525486,-0.043092731386423111,-0.034304611384868622,-0.026485150679945946,-0.017680654302239418,-0.0088688759133219719,-4.7807476221350953E-05,0.008781876415014267,0.017618885263800621,0.026464283466339111,0.035318844020366669,0.044181279838085175,0.053051024675369263,0.061929695308208466,0.070816308259963989,0.079710997641086578,0.087624385952949524,0.08591962605714798,0.055874861776828766,0.082719005644321442,0.11070780456066132,0.12775237858295441,0.144506573677063,0.16277478635311127,0.17891129851341248,0.19302591681480408,0.20530825853347778,0.21652938425540924],[0.88758081197738647,0.88758081197738647,0.88758081197738647,0.88758081197738647,0.88758081197738647,0.88758081197738647,0.88758081197738647,0.88758081197738647,0.88758081197738647,0.88758081197738647,0.88758081197738647,0.88893604278564453,0.90863531827926636,0.92903244495391846,0.94940817356109619,0.96686005592346191,0.99011343717575073,1.0133566856384277,1.0336874723434448,1.056917667388916,1.0801500082015991,1.1033833026885986,1.1237202882766724,1.1469700336456299,1.1644148826599121,1.1876888275146484,1.205152153968811,1.2284533977508545,1.2488563060760498,1.2634369134902954,1.2809453010559082,1.3043055534362793,1.3218363523483276,1.342303991317749,1.3569310903549194,1.3659073114395142,1.326591968536377,1.2533503770828247,1.1592761278152466,1.0628458261489868,0.97639364004135132,0.86218255758285522,0.78401100635528564,0.7026183009147644,0.73108655214309692,0.84751439094543457,0.96217513084411621,1.0733824968338013,1.1814031600952148,