{"delta_t":0.5,"jointArray":[[-1.6426575183868408,-1.5637503862380981,-1.2675220966339111,-0.91031801700592041,-0.50405842065811157,-0.12075964361429214,0.30613294243812561,0.74286556243896484,0.820202648639679,0.82165324687957764,0.56085270643234253,0.13763050734996796,-0.34136199951171875,-0.81945431232452393,-0.9515758752822876,-1.344224214553833,-1.6426575183868408],[0.17145608365535736,0.16771458089351654,0.15366849303245544,0.13673117756843567,0.11746779829263687,0.099293142557144165,0.0790514349937439,0.05834314227104187,0.21474207937717438,0.13720302283763885,0.051473680883646011,0.046536747366189957,0.040949251502752304,0.035372249782085419,0.043811395764350891,0.11633461713790894,0.17145608365535736],[-0.53248888254165649,-0.50887197256088257,-0.42021086812019348,-0.31329977512359619,-0.19170629978179932,-0.076985016465187073,0.050783880054950714,0.18149790167808533,0.46790868043899536,0.3409259021282196,0.18949732184410095,0.16361397504806519,0.13431984186172485,0.1050807386636734,0.056772287935018539,-0.27802520990371704,-0.53248888254165649],[-0.083896301686763763,-0.084923252463340759,-0.088778562843799591,-0.093427449464797974,-0.098714783787727356,-0.10370328277349472,-0.10925915092229843,-0.11494306474924088,-0.16072343289852142,-0.1390722393989563,-0.083773620426654816,-0.03180394321680069,0.027014065533876419,0.085721537470817566,0.083400741219520569,-0.011651557870209217,-0.083896301686763763],[0.88758081197738647,0.90338420867919922,0.962712287902832,1.0342525243759155,1.1156176328659058,1.1923840045928955,1.277881383895874,1.3653495311737061,0.829327404499054,1.096543550491333,1.406440258026123,1.4467730522155762,1.4924207925796509,1.537982702255249,1.500643253326416,1.1523227691650391,0.88758081197738647],[0.090647734701633453,0.11027070879936218,0.18393790721893311,0.2727687656879425,0.37379899621009827,0.46911922097206116,0.57528054714202881,0.683888852596283,-0.22867189347743988,0.22266705334186554,0.59675377607345581,0.4239577054977417,0.22839127480983734,0.033192388713359833,0.006209847517311573,0.054184485226869583,0.090647734701633453]],"jointUpperLimits":[2.96705972839036,1.48352986419518,1.22173047639603,5.23598775598299,2.26892802759263,6.28318530717959],"jointLowerLimits":[-2.96705972839036,-1.13446401379631,-3.14159265358979,-5.23598775598299,-2.26892802759263,-6.28318530717959],"axisTranslations":[[0.0,0.0,-0.78],[-0.78,-0.32,-4.77596477990727E-17],[-1.915,-0.32,-4.77596477990727E-17],[-2.115,2.81659461379147E-17,-1.9125],[2.115,1.9125,-1.4526892872218E-16],[2.115,-2.81659461379147E-17,-1.9125],null,null,null]}