{"delta_t":0.5,"jointArray":[[-1.6297938823699951,-1.341867208480835,-0.98618471622467041,-0.62169313430786133,-0.2437901496887207,0.19665497541427612,0.601263701915741,0.821785569190979,0.82029646635055542,0.741997480392456,0.27014407515525818,-0.20801326632499695,-0.63555437326431274,-0.906838059425354,-1.0382953882217407,-1.3748840093612671,-1.6426575183868408],[0.17084613442420959,0.15719367563724518,0.14032849669456482,0.12304561585187912,0.10512681305408478,0.084242485463619232,0.06505739688873291,0.13012783229351044,0.20972494781017303,0.053586751222610474,0.048082530498504639,0.042504776269197464,0.037517465651035309,0.019586000591516495,0.059828724712133408,0.12199755012989044,0.17145608365535736],[-0.52863878011703491,-0.44246238470077515,-0.33600664138793945,-0.22691433131694794,-0.1138080358505249,0.018017135560512543,0.13911648094654083,0.32933911681175232,0.4596923291683197,0.20057575404644012,0.17171822488307953,0.14247515797615051,0.116327665746212,0.16169264912605286,-0.01717039942741394,-0.30416765809059143,-0.53248888254165649],[-0.084063723683357239,-0.087810985743999481,-0.09244006872177124,-0.09718380868434906,-0.10210207849740982,-0.10783433169126511,-0.11310017108917236,-0.13709662854671478,-0.15932250022888184,-0.10601726919412613,-0.048075981438159943,0.010639474727213383,0.063139498233795166,0.071900904178619385,0.062407679855823517,-0.01907365582883358,-0.083896301686763763],[0.89015710353851318,0.94782257080078125,1.0190581083297729,1.0920578241348267,1.1677436828613281,1.2559553384780884,1.3369897603988647,1.1209262609481812,0.84661751985549927,1.3891569375991821,1.4341446161270142,1.4797127246856689,1.5204571485519409,1.4711562395095825,1.4237139225006104,1.1251243352890015,0.88758081197738647],[0.093846723437309265,0.16544945538043976,0.25390195846557617,0.3445451557636261,0.438523530960083,0.548055112361908,0.64867478609085083,0.26385036110877991,-0.19946815073490143,0.67067009210586548,0.4780612587928772,0.28283581137657166,0.10827634483575821,0.31949391961097717,0.016805429011583328,0.057930555194616318,0.090647734701633453]],"jointUpperLimits":[2.96705972839036,1.48352986419518,1.22173047639603,5.23598775598299,2.26892802759263,6.28318530717959],"jointLowerLimits":[-2.96705972839036,-1.13446401379631,-3.14159265358979,-5.23598775598299,-2.26892802759263,-6.28318530717959],"axisTranslations":[[0.0,0.0,-0.78],[-0.78,-0.32,-4.77596477990727E-17],[-1.915,-0.32,-4.77596477990727E-17],[-2.115,2.81659461379147E-17,-1.9125],[2.115,1.9125,-1.4526892872218E-16],[2.115,-2.81659461379147E-17,-1.9125],null,null,null]}