{"delta_t":0.5,"jointArray":[[-1.5558669567108154,-1.3895634412765503,-1.1193835735321045,-0.83541691303253174,-0.58405524492263794,-0.26557433605194092,0.04508659616112709,0.32666859030723572,0.63471114635467529,0.82184642553329468,0.81971156597137451,0.82262444496154785,0.55058205127716064,0.20685064792633057,-0.12516368925571442,-0.43189901113510132,-0.78009366989135742,-0.9317665696144104,-1.1447283029556274,-1.3731582164764404,-1.6426575183868408],[0.16734077036380768,0.15945526957511902,0.14664430916309357,0.13317963480949402,0.12126096338033676,0.10615973919630051,0.09142930805683136,0.078077711164951324,0.063471436500549316,0.12687449157238007,0.24099095165729523,0.085284985601902008,0.051353871822357178,0.047344207763671875,0.04347122460603714,0.039893127977848053,0.035831399261951447,0.040149759501218796,0.07948717474937439,0.12167879194021225,0.17145608365535736],[-0.506512463092804,-0.45673781633377075,-0.37587299942970276,-0.29088184237480164,-0.21564933657646179,-0.12032803893089294,-0.0273472610861063,0.056930191814899445,0.1491272896528244,0.32401120662689209,0.5108954906463623,0.25590166449546814,0.18886920809745789,0.16784732043743134,0.14754205942153931,0.12878277897834778,0.10748794674873352,0.073674730956554413,-0.10792201012372971,-0.30269613862037659,-0.53248888254165649],[-0.085025854408741,-0.087190240621566772,-0.090706534683704376,-0.0944022610783577,-0.097673654556274414,-0.10181856900453568,-0.10586171597242355,-0.10952641069889069,-0.11353547871112823,-0.13618820905685425,-0.16800260543823242,-0.12457413226366043,-0.082512430846691132,-0.040303844958543777,0.000465939927380532,0.038131587207317352,0.080888241529464722,0.088192276656627655,0.0366424098610878,-0.018655885010957718,-0.083896301686763763],[0.90496313571929932,0.938270092010498,0.99238127470016479,1.0492537021636963,1.0995960235595703,1.1633807420730591,1.2255994081497192,1.2819942235946655,1.3436884880065918,1.1321378946304321,0.73948872089385986,1.2751888036727905,1.407418966293335,1.4401763677597046,1.4718171358108521,1.5010489225387573,1.5342316627502441,1.5182042121887207,1.3292967081069946,1.1266552209854126,0.88758081197738647],[0.11223117262125015,0.15358817577362061,0.22077757120132446,0.29139548540115356,0.3539050817489624,0.43310615420341492,0.51036250591278076,0.5803874135017395,0.65699267387390137,0.28278741240501404,-0.38041317462921143,0.52429062128067017,0.59256047010421753,0.45221936702728271,0.3166622519493103,0.19142618775367737,0.04926280677318573,0.0038453368470072746,0.029809633269906044,0.057719696313142776,0.090647734701633453]],"jointUpperLimits":[2.96705972839036,1.48352986419518,1.22173047639603,5.23598775598299,2.26892802759263,6.28318530717959],"jointLowerLimits":[-2.96705972839036,-1.13446401379631,-3.14159265358979,-5.23598775598299,-2.26892802759263,-6.28318530717959],"axisTranslations":[[0.0,0.0,-0.78],[-0.78,-0.32,-4.77596477990727E-17],[-1.915,-0.32,-4.77596477990727E-17],[-2.115,2.81659461379147E-17,-1.9125],[2.115,1.9125,-1.4526892872218E-16],[2.115,-2.81659461379147E-17,-1.9125],null,null,null]}