{"delta_t":0.5,"jointArray":[[-1.6040672063827515,-1.2272207736968994,-0.85958588123321533,-0.39165249466896057,0.0713036060333252,0.53543204069137573,0.82272249460220337,0.8192935585975647,0.82246661186218262,0.39341139793395996,-0.1238817423582077,-0.60451096296310425,-0.90268558263778687,-1.030591607093811,-1.390876293182373,-1.6426575183868408],[0.16962625086307526,0.15175755321979523,0.13432562351226807,0.11213791370391846,0.090186193585395813,0.068178899586200714,0.075088582932949066,0.26333475112915039,0.073147058486938477,0.049520455300807953,0.043486181646585464,0.0378795862197876,0.0251235943287611,0.058405816555023193,0.12495138496160507,0.17145608365535736],[-0.52093875408172607,-0.40814867615699768,-0.298115611076355,-0.15806320309638977,-0.019500512629747391,0.11941305547952652,0.2391684353351593,0.54748708009719849,0.23600764572620392,0.17925697565078735,0.14762043952941895,0.11822620779275894,0.13891628384590149,-0.0106016481295228,-0.3178037703037262,-0.53248888254165649],[-0.0843985453248024,-0.089303068816661835,-0.094087712466716766,-0.10017771273851395,-0.10620292276144028,-0.1122433990240097,-0.12198024243116379,-0.17274744808673859,-0.12112456560134888,-0.063212625682353973,0.00030852388590574265,0.059327512979507446,0.08051706850528717,0.064272612333297729,-0.022945089265704155,-0.083896301686763763],[0.8953096866607666,0.97078382968902588,1.0444130897521973,1.1381300687789917,1.2308501005172729,1.3238050937652588,1.3067138195037842,0.68092870712280273,1.3132903575897217,1.422397255897522,1.4716950654983521,1.5174987316131592,1.4986968040466309,1.4305479526519775,1.1109373569488525,0.88758081197738647],[0.10024455189704895,0.19396018981933594,0.28538507223129272,0.4017525315284729,0.51688224077224731,0.63230353593826294,0.57784616947174072,-0.47932341694831848,0.58685320615768433,0.52838969230651855,0.317185640335083,0.12095097452402115,0.20150324702262878,0.015864161774516106,0.059884537011384964,0.090647734701633453]],"jointUpperLimits":[2.96705972839036,1.48352986419518,1.22173047639603,5.23598775598299,2.26892802759263,6.28318530717959],"jointLowerLimits":[-2.96705972839036,-1.13446401379631,-3.14159265358979,-5.23598775598299,-2.26892802759263,-6.28318530717959],"axisTranslations":[[0.0,0.0,-0.78],[-0.78,-0.32,-4.77596477990727E-17],[-1.915,-0.32,-4.77596477990727E-17],[-2.115,2.81659461379147E-17,-1.9125],[2.115,1.9125,-1.4526892872218E-16],[2.115,-2.81659461379147E-17,-1.9125],null,null,null]}