{"delta_t":0.5,"jointArray":[[-1.6426575183868408,-1.2466312646865845,-0.8244013786315918,-0.40217134356498718,0.020058607682585716,0.52673453092575073,0.822761058807373,0.81929630041122437,0.819277822971344,0.33374133706092834,-0.13071161508560181,-0.637236475944519,-0.905417263507843,-1.0611369609832764,-1.561134934425354,-1.6426576375961304],[0.17145608365535736,0.15267793834209442,0.13265731930732727,0.11263667792081833,0.092616051435470581,0.068591304123401642,0.07620113343000412,0.26318696141242981,0.065506011247634888,0.048824399709701538,0.04340650886297226,0.03749784454703331,0.02208174392580986,0.064047627151012421,0.15639862418174744,0.17145611345767975],[-0.53248888254165649,-0.41395828127861023,-0.28758490085601807,-0.1612115204334259,-0.034838132560253143,0.1168099120259285,0.2410128116607666,0.54724502563476563,0.22335411608219147,0.17560768127441406,0.1472027599811554,0.11622479557991028,0.15137791633605957,-0.036646600812673569,-0.46297737956047058,-0.53248894214630127],[-0.083896301686763763,-0.089050449430942535,-0.0945456251502037,-0.10004080832004547,-0.10553598403930664,-0.11213019490242004,-0.12225725501775742,-0.17271959781646729,-0.11858148127794266,-0.055885422974824905,0.0011471997713670135,0.063346050679683685,0.075848214328289032,0.056878194212913513,-0.064161293208599091,-0.083896301686763763],[0.88758081197738647,0.96689635515213013,1.051459789276123,1.1360234022140503,1.220586895942688,1.3220630884170532,1.3034192323684692,0.68127244710922241,1.3368436098098755,1.4280837774276733,1.4723458290100098,1.5206174850463867,1.4836381673812866,1.4034510850906372,0.95990008115768433,0.88758081197738647],[0.090647734701633453,0.18913309276103973,0.29413485527038574,0.39913666248321533,0.50413846969604492,0.63014060258865356,0.57225066423416138,-0.478742778301239,0.623495876789093,0.50402718782424927,0.31439709663391113,0.10758958011865616,0.26601794362068176,0.019596260040998459,0.080687113106250763,0.09064774215221405]],"jointUpperLimits":[2.96705972839036,1.48352986419518,1.22173047639603,5.23598775598299,2.26892802759263,6.28318530717959],"jointLowerLimits":[-2.96705972839036,-1.13446401379631,-3.14159265358979,-5.23598775598299,-2.26892802759263,-6.28318530717959],"axisTranslations":[[0.0,0.0,-0.78],[-0.78,-0.32,-4.77596477990727E-17],[-1.915,-0.32,-4.77596477990727E-17],[-2.115,2.81659461379147E-17,-1.9125],[2.115,1.9125,-1.4526892872218E-16],[2.115,-2.81659461379147E-17,-1.9125],null,null,null]}