{"axis_direction":[2,1,1,0,1,0],"arm_lengths":[[0.0,-0.78,-1.915,-2.115,2.115,2.115],[0.0,-0.32,-0.32,2.81659461379147E-17,1.9125,-2.81659461379147E-17],[-0.78,-4.77596477990727E-17,-4.77596477990727E-17,-1.9125,-1.4526892872218E-16,-1.9125],[1.0,1.0,1.0,1.0,1.0,1.0]],"acc_limit":6.2831853071795862,"TCP_vel_limit":100.0,"pos_lim_pos":[2.96705972839036,1.48352986419518,1.22173047639603,5.23598775598299,2.26892802759263,6.28318530717959],"pos_lim_neg":[-2.96705972839036,-1.13446401379631,-3.14159265358979,-5.23598775598299,-2.26892802759263,-6.28318530717959],"vel_lim_pos":[6.5449846949787363,5.2359877559829879,5.2359877559829879,7.4176493209759009,7.4176493209759009,10.035643198967394],"vel_lim_neg":[-6.5449846949787363,-5.2359877559829879,-5.2359877559829879,-7.4176493209759009,-7.4176493209759009,-10.035643198967394],"AXIS":[0,1,2,3,4,5],"TIME":[0,1,2,3,4,5,6,7,8,9,10,11,12,13,14,15,16,17,18,19,20,21,22,23,24],"TARGETS":[0,1,2,3,4,5,6],"ang_pos_targets":[[-1.421515941619873,-1.421515941619873,-0.16720320284366608,0.82007676362991333,-0.58198177814483643,-1.421515941619873,-1.421515941619873],[-0.4060836136341095,-0.4060836136341095,-0.14869755506515503,0.22146792709827423,0.03814239427447319,-0.4060836136341095,-0.4060836136341095],[-2.8476907232288795E-07,-2.8476907232288795E-07,0.11485354602336884,0.47892335057258606,0.11960404366254807,-2.8476907232288795E-07,-2.8476907232288795E-07],[-2.4261564979255468E-10,-2.4261564979255468E-10,-0.064812652766704559,-0.16260148584842682,0.05656103789806366,-2.4261564979255468E-10,-2.4261564979255468E-10],[0.52359890937805176,0.52359890937805176,1.0029466152191162,0.80614876747131348,1.5153517723083496,0.52359890937805176,0.52359890937805176],[5.303457673022649E-10,5.303457673022649E-10,0.39330995082855225,-0.26782163977622986,0.13014933466911316,5.303457673022649E-10,5.303457673022649E-10]],"N_targets":7,"n_axis":6,"N":25,"time_end":14.0,"time_step":0.5,"time_step_orig":2.0,"resolution":4,"robot_name":"IRB8700-800/3.5","optimal_poses":[[-1.4215159416197773,-1.4215159416197776,-1.4215159416197776,-1.4215159416197771,-1.4215159416197771,-1.1234528943894497,-0.82538984715912234,-0.49629652500133853,-0.16720320284355464,0.16189011931422914,0.490983441472013,0.82007676362979665,0.490983441472013,0.28359415382139347,0.076204866170774044,-0.25288845598700982,-0.58198177814479357,-0.6726555377245016,-0.76332929730420984,-1.0924226194619937,-1.4215159416197773,-1.4215159416197773,-1.4215159416197776,-1.4215159416197776,-1.4215159416197776],[-0.40608361363397705,-0.40608361363397705,-0.40608361363397705,-0.40608361363397694,-0.40608361363397694,-0.606483906507306,-0.806884199380635,-0.47779087722285113,-0.14869755506506735,0.18039576709271643,0.50948908925050029,0.22146792709841626,-0.10762539505936751,0.22146792709841631,0.5505612492562,0.36723571643232022,0.0381423942745364,0.14512271247806349,0.25210303068159057,-0.076990291476193226,-0.40608361363397705,-0.40608361363397705,-0.40608361363397705,-0.40608361363397705,-0.40608361363397705],[-2.8476902697149733E-07,-2.8476902697149739E-07,-2.8476902697149739E-07,-2.8476902699068522E-07,-2.8476902699068522E-07,-0.27166669153051554,-0.54333309829200416,-0.21423977613422029,0.11485354602356351,0.44394686818134732,0.77304019033913107,0.47892335057273194,0.14983002841494816,0.46381035819656463,0.77779068797818118,0.44869736582039732,0.11960404366261353,0.38889520160457708,0.6581863595465407,0.32909303738875684,-2.8476902697149733E-07,-2.8476902697149733E-07,-2.8476902697149739E-07,-2.8476902697149739E-07,-2.8476902697149739E-07],[-2.4251461553104417E-10,-2.4251461553104422E-10,-2.4251461553104422E-10,-2.4251461192178162E-10,-2.4251461192178162E-10,0.29668699565326412,0.59337399154904291,0.2642806693912591,-0.064812652766524731,0.0508395917714679,0.16649183630946054,-0.16260148584832329,-0.4916948080061071,-0.54666020721175934,-0.60162560641741158,-0.27253228425962772,0.0565610378981561,0.35737384098560454,0.658186644073053,0.32909332191526924,-2.4251461553104417E-10,-2.4251461553104417E-10,-2.4251461553104422E-10,-2.4251461553104422E-10,-2.4251461553104422E-10],[0.52359890937817333,0.52359890937817333,0.52359890937817333,0.52359890937817333,0.52359890937817333,0.43417944014093618,0.3447599709036992,0.673853293061483,1.0029466152192668,1.0690943524242136,1.1352420896291606,0.80614876747137665,1.1352420896291606,0.9962036088110009,0.85716512799284172,1.1862584501506255,1.5153517723084093,1.3485686630010751,1.1817855536937409,0.85269223153595719,0.52359890937817333,0.52359890937817333,0.52359890937817333,0.52359890937817333,0.52359890937817333],[5.303590657407882E-10,5.3035906574078831E-10,5.3035906574078831E-10,5.3035901915801616E-10,5.3035901915801616E-10,-0.13243834647830668,-0.26487669348697246,0.06421662867081139,0.39330995082859521,0.22729081660515971,0.061271682381724264,-0.26782163977605955,-0.59691496193384341,-0.56247613579011624,-0.52803730964638929,-0.19894398748860548,0.13014933466917833,0.39416798975755246,0.6581866448459267,0.3290933226881429,5.303590657407882E-10,5.303590657407882E-10,5.3035906574078831E-10,5.3035906574078831E-10,5.3035906574078831E-10]],"optimal_velocity":[[0.0,0.0,0.0,0.0,0.59612609446065479,0.59612609446065479,0.65818664431556761,0.65818664431556761,0.65818664431556761,0.65818664431556761,0.65818664431556761,-0.65818664431556761,-0.41477857530123896,-0.41477857530123891,-0.65818664431556761,-0.65818664431556761,-0.18134751915941627,-0.18134751915941627,-0.65818664431556761,-0.65818664431556761,0.0,0.0,0.0,0.0],[0.0,0.0,0.0,0.0,-0.40080058574665806,-0.40080058574665806,0.65818664431556761,0.65818664431556761,0.65818664431556761,0.65818664431556761,-0.5760423243041678,-0.65818664431556761,0.65818664431556761,0.65818664431556761,-0.36665106564775962,-0.65818664431556761,0.21396063640705418,0.21396063640705418,-0.65818664431556761,-0.65818664431556761,0.0,0.0,0.0,0.0],[0.0,0.0,0.0,0.0,-0.54333281352297713,-0.54333281352297713,0.65818664431556761,0.65818664431556761,0.65818664431556761,0.65818664431556761,-0.58823367953279826,-0.65818664431556761,0.627960659563233,0.627960659563233,-0.65818664431556761,-0.65818664431556761,0.53858231588392713,0.538582315883927,-0.65818664431556761,-0.65818664431556761,0.0,0.0,0.0,0.0],[0.0,0.0,0.0,0.0,0.59337399179155748,0.59337399179155748,-0.65818664431556761,-0.65818664431556761,0.23130448907598528,0.23130448907598528,-0.65818664431556761,-0.65818664431556761,-0.10993079841130449,-0.10993079841130449,0.65818664431556761,0.65818664431556761,0.60162560617489691,0.60162560617489691,-0.65818664431556761,-0.65818664431556761,0.0,0.0,0.0,0.0],[0.0,0.0,0.0,0.0,-0.1788389384744741,-0.1788389384744741,0.65818664431556761,0.65818664431556761,0.13229547440989367,0.13229547440989364,-0.65818664431556761,0.65818664431556761,-0.27807696163631873,-0.27807696163631868,0.65818664431556761,0.65818664431556761,-0.3335662186146684,-0.3335662186146684,-0.65818664431556761,-0.65818664431556761,0.0,0.0,0.0,0.0],[0.0,0.0,0.0,0.0,-0.26487669401733144,-0.26487669401733144,0.65818664431556761,0.65818664431556761,-0.332038268446871,-0.33203826844687095,-0.65818664431556761,-0.65818664431556761,0.068877652287454114,0.0688776522874541,0.65818664431556761,0.65818664431556761,0.52803731017674838,0.52803731017674838,-0.65818664431556761,-0.65818664431556761,0.0,0.0,0.0,0.0]],