{"delta_t":0.5,"jointArray":[[-1.421515941619873,-1.3406044244766235,-1.2218009233474731,-1.0848742723464966,-0.94927215576171875,-0.81452095508575439,-0.68023198843002319,-0.54597854614257813,-0.41139402985572815,-0.27609056234359741,-0.1396816074848175,-0.0017978717805817723,0.13798604905605316,0.28689423203468323,0.43186813592910767,0.580085277557373,0.73939388990402222,0.82240962982177734,0.821034848690033,0.81963503360748291,0.82026618719100952,0.821757435798645,0.813878059387207,0.65356987714767456,0.48743787407875061,0.3129713237285614,0.13810145854949951,-0.029203871265053749,-0.20487603545188904,-0.37293022871017456,-0.54938268661499023,-0.71818500757217407,-0.88959699869155884,-0.90865218639373779,-1.0059494972229004,-1.1022735834121704,-1.1875361204147339,-1.2719830274581909,-1.3529089689254761,-1.421515941619873],[-0.4060836136341095,-0.38948050141334534,-0.36510193347930908,-0.33700445294380188,-0.30917879939079285,-0.28152769804000854,-0.25397151708602905,-0.22642257809638977,-0.19880571961402893,-0.171041339635849,-0.14305008947849274,-0.11475623399019241,-0.086072459816932678,-0.055516369640827179,-0.025767600163817406,0.0046466831117868423,0.037336945533752441,0.0967705026268959,0.17025603353977203,0.24508053064346313,0.21134407818317413,0.1316283643245697,0.060962583869695663,0.052555233240127563,0.050617288798093796,0.048582114279270172,0.046542242169380188,0.044590607285499573,0.042541373521089554,0.040581002831459045,0.038522664457559586,0.036553569138050079,0.031405080109834671,0.025556666776537895,-0.054561898112297058,-0.13604108989238739,-0.20816336572170258,-0.27959582209587097,-0.34804987907409668,-0.4060836136341095],[-2.8476907232288795E-07,0.0074085523374378681,0.018287049606442451,0.030825028195977211,0.043241731822490692,0.055580519139766693,0.067876972258090973,0.0801701694726944,0.0924936905503273,0.10488303750753403,0.11737362295389175,0.12999923527240753,0.14279885590076447,0.15643393993377686,0.16970878839492798,0.18328060209751129,0.19786803424358368,0.27471107244491577,0.39505553245544434,0.51759278774261475,0.46234393119812012,0.33179649710655212,0.21568290889263153,0.19516770541667938,0.18500743806362152,0.17433744668960571,0.16364277899265289,0.15341074764728546,0.1426670104265213,0.13238918781280518,0.12159773707389832,0.11127415299415588,0.11400271952152252,0.11278258264064789,0.079886026680469513,0.061369180679321289,0.044978782534599304,0.028745144605636597,0.013188382610678673,-2.8476907232288795E-07],[-2.4261564979255468E-10,-0.0041808481328189373,-0.010319645516574383,-0.017394894734025,-0.0244017094373703,-0.031364552676677704,-0.03830350935459137,-0.045240629464387894,-0.052194863557815552,-0.059186242520809174,-0.06623474508523941,-0.073359452188014984,-0.08058234304189682,-0.088276706635952,-0.095767766237258911,-0.10342641919851303,-0.11165819317102432,-0.12778228521347046,-0.14830160140991211,-0.16901193559169769,-0.15977460145950317,-0.13751561939716339,-0.11665298789739609,-0.095158845186233521,-0.0747586265206337,-0.053334962576627731,-0.031861770898103714,-0.011317470110952854,0.010254237800836563,0.03089049831032753,0.052558023482561111,0.073286153376102448,0.089099392294883728,0.089124977588653564,0.07637140154838562,0.058669276535511017,0.043000034987926483,0.027480661869049072,0.012608380056917667,-2.4261564979255468E-10],[0.52359890937805176,0.55452001094818115,0.59992194175720215,0.65224975347518921,0.70407146215438843,0.75556796789169312,0.80688774585723877,0.85819399356842041,0.90962678194046021,0.96133428812026978,1.0134642124176025,1.0661578178405762,1.1195776462554932,1.1764843463897705,1.2318875789642334,1.2885302305221558,1.3494114875793457,1.2358826398849487,0.98263591527938843,0.72703200578689575,0.84103763103485107,1.1157549619674683,1.3516675233840942,1.3976043462753296,1.4134365320205688,1.4300631284713745,1.4467282295227051,1.4626723527908325,1.4794137477874756,1.4954291582107544,1.5122450590133667,1.5283317565917969,1.5286411046981812,1.5160777568817139,1.3392521142959595,1.1501919031143188,0.98284304141998291,0.81709474325180054,0.65825748443603516,0.52359890937805176],[5.303457673022649E-10,0.025371111929416656,0.062623865902423859,0.10555940866470337,0.14807966351509094,0.19033306837081909,0.23244152963161469,0.27453884482383728,0.31673997640609741,0.35916656255722046,0.40193977952003479,0.445175439119339,0.48900693655014038,0.53569948673248291,0.5811583399772644,0.62763428688049316,0.67758804559707642,0.458016574382782,0.030272359028458595,-0.40145310759544373,-0.20889283716678619,0.25511607527732849,0.64493590593338013,0.63460898399353027,0.5667794942855835,0.49554705619812012,0.42414999008178711,0.35584136843681335,0.2841167151927948,0.21550238132476807,0.14345912635326385,0.074539318680763245,0.073214061558246613,0.072248362004756927,-2.9511264543202742E-08,-2.2547920863758009E-08,-1.6384237966349247E-08,-1.0279503470655982E-08,-4.4293129164429956E-09,5.303457673022649E-10]],"jointUpperLimits":[2.96705972839036,1.48352986419518,1.22173047639603,5.23598775598299,2.26892802759263,6.28318530717959],"jointLowerLimits":[-2.96705972839036,-1.13446401379631,-3.14159265358979,-5.23598775598299,-2.26892802759263,-6.28318530717959],"axisTranslations":[[0.0,0.0,-0.78],[-0.78,-0.32,-4.77596477990727E-17],[-1.915,-0.32,-4.77596477990727E-17],[-2.115,2.81659461379147E-17,-1.9125],[2.115,1.9125,-1.4526892872218E-16],[2.115,-2.81659461379147E-17,-1.9125],null,null,null]}