{"delta_t":1.0,"jointArray":[[-1.421515941619873,-0.99266684055328369,-0.34323576092720032,0.34587827324867249,0.821220874786377,0.77262437343597412,0.034808803349733353,-0.77697497606277466,-1.0495904684066772,-1.421515941619873],[-0.4060836136341095,-0.31808340549468994,-0.18481959402561188,-0.043412789702415466,0.16031390428543091,0.0539839044213295,0.045337323099374771,0.035867780447006226,-0.091477133333683014,-0.4060836136341095],[-2.8476907232288795E-07,0.039268206804990768,0.098734751343727112,0.16183494031429291,0.37877371907234192,0.202514186501503,0.1573256254196167,0.10767868906259537,0.071496717631816864,-2.8476907232288795E-07],[-2.4261564979255468E-10,-0.022159427404403687,-0.055716726928949356,-0.091324515640735626,-0.14552547037601471,-0.10977822542190552,-0.01917792484164238,0.08050527423620224,0.068351216614246368,-2.4261564979255468E-10],[0.52359890937805176,0.687487781047821,0.93567413091659546,1.1990257501602173,1.0168986320495605,1.383188009262085,1.4565719366073608,1.533934473991394,1.2535958290100098,0.52359890937805176],[5.303457673022649E-10,0.13447257876396179,0.33811211585998535,0.55419492721557617,0.088143453001976013,0.67680084705352783,0.38197693228721619,0.050536163151264191,-2.6356429927432146E-08,5.303457673022649E-10]],"jointUpperLimits":[2.96705972839036,1.48352986419518,1.22173047639603,5.23598775598299,2.26892802759263,6.28318530717959],"jointLowerLimits":[-2.96705972839036,-1.13446401379631,-3.14159265358979,-5.23598775598299,-2.26892802759263,-6.28318530717959],"axisTranslations":[[0.0,0.0,-0.78],[-0.78,-0.32,-4.77596477990727E-17],[-1.915,-0.32,-4.77596477990727E-17],[-2.115,2.81659461379147E-17,-1.9125],[2.115,1.9125,-1.4526892872218E-16],[2.115,-2.81659461379147E-17,-1.9125],null,null,null]}