{"delta_t":0.5,"jointArray":[[-1.6426575183868408,-1.5589399337768555,-1.3648519515991211,-1.1693398952484131,-0.97178441286087036,-0.77150130271911621,-0.567740797996521,-0.35966932773590088,-0.13602589070796967,0.08403361588716507,0.32297271490097046,0.56080567836761475,0.80722647905349731,0.82099759578704834,0.81979060173034668,0.82184362411499023,0.68673801422119141,0.4097633957862854,0.13172100484371185,-0.14735104143619537,-0.427444726228714,-0.70854300260543823,-0.90865254402160645,-0.99049055576324463,-1.1664198637008667,-1.3322131633758545,-1.4989290237426758,-1.6426575183868408],[0.17145608365535736,0.16748647391796112,0.158283531665802,0.14901305735111237,0.13964568078517914,0.13014897704124451,0.12048739194869995,0.11062139272689819,0.10001701861619949,0.089582584798336029,0.078252948820590973,0.066975772380828857,0.058326754719018936,0.17224793136119843,0.23676827549934387,0.12702102959156036,0.052942141890525818,0.0497112050652504,0.046467810869216919,0.0432124063372612,0.039945088326931,0.036666043102741241,0.015283842571079731,0.050999041646718979,0.083493672311306,0.11411614716053009,0.14490899443626404,0.17145608365535736],[-0.53248888254165649,-0.50743216276168823,-0.44934165477752686,-0.39082497358322144,-0.33169662952423096,-0.27175194025039673,-0.21076643466949463,-0.14849066734313965,-0.081554211676120758,-0.015690423548221588,0.055824022740125656,0.127007395029068,0.20575344562530518,0.3983176052570343,0.50398015975952148,0.3242512047290802,0.19719621539115906,0.18025703728199005,0.1632525622844696,0.14618512988090515,0.1290552020072937,0.11186383664608002,0.17954300343990326,0.023591123521327972,-0.12641765177249908,-0.26778379082679749,-0.40993648767471313,-0.53248888254165649],[-0.083896301686763763,-0.084985852241516113,-0.08751184493303299,-0.090056367218494415,-0.092627488076686859,-0.095234096050262451,-0.097885973751544952,-0.10059395432472229,-0.10350459814071655,-0.10636860132217407,-0.10947830975055695,-0.11257362365722656,-0.11724948137998581,-0.14885780215263367,-0.16687224805355072,-0.13622911274433136,-0.099231742322444916,-0.065220572054386139,-0.031078282743692398,0.0031904419884085655,0.037584617733955383,0.072102159261703491,0.065006285905838013,0.073980279266834259,0.031391311436891556,-0.00874392595142126,-0.049102466553449631,-0.083896301686763763],[0.88758081197738647,0.90434759855270386,0.94321924448013306,0.98237615823745728,1.021942138671875,1.0620545148849487,1.1028633117675781,1.1445356607437134,1.1893265247344971,1.2333997488021851,1.2812539339065552,1.328886866569519,1.3583239316940308,0.97577136754989624,0.753439724445343,1.131632924079895,1.3944433927536011,1.4208389520645142,1.4473361968994141,1.4739316701889038,1.500624418258667,1.5274128913879395,1.4495416879653931,1.4661219120025635,1.3100539445877075,1.1629778146743774,1.0150833129882812,0.88758081197738647],[0.090647734701633453,0.11146698147058487,0.15973353385925293,0.20835420489311218,0.2574830949306488,0.30729028582572937,0.35796219110488892,0.4097062349319458,0.46532273292541504,0.52004796266555786,0.579468309879303,0.63861358165740967,0.66669988632202148,0.018677884712815285,-0.35684940218925476,0.28193449974060059,0.648151159286499,0.53506600856781006,0.42154490947723389,0.30760344862937927,0.1932448148727417,0.078476026654243469,0.41209620237350464,0.010964525863528252,0.032459959387779236,0.052716948091983795,0.073086641728878021,0.090647734701633453]],"jointUpperLimits":[2.96705972839036,1.48352986419518,1.22173047639603,5.23598775598299,2.26892802759263,6.28318530717959],"jointLowerLimits":[-2.96705972839036,-1.13446401379631,-3.14159265358979,-5.23598775598299,-2.26892802759263,-6.28318530717959],"axisTranslations":[[0.0,0.0,-0.78],[-0.78,-0.32,-4.77596477990727E-17],[-1.915,-0.32,-4.77596477990727E-17],[-2.115,2.81659461379147E-17,-1.9125],[2.115,1.9125,-1.4526892872218E-16],[2.115,-2.81659461379147E-17,-1.9125],null,null,null]}