{"delta_t":0.5,"jointArray":[[-1.4671477079391479,-1.0495907068252563,-0.66958367824554443,-0.24735370278358459,0.25932225584983826,0.69916492700576782,0.82084858417510986,0.82117718458175659,0.63700723648071289,0.13670070469379425,-0.36997526884078979,-0.81945431232452393,-0.90595483779907227,-1.3311371803283691,-1.6426575183868408],[0.16313402354717255,0.14333498477935791,0.12531641125679016,0.10529578477144241,0.08127102255821228,0.060415267944335938,0.18021222949028015,0.16264849901199341,0.052362032234668732,0.046525903046131134,0.040615472942590714,0.035372249782085419,0.023214250802993774,0.11391739547252655,0.17145608365535736],[-0.47995880246162415,-0.35498401522636414,-0.24124798178672791,-0.11487460881471634,0.0367734432220459,0.16841831803321838,0.41136044263839722,0.38259699940681458,0.1941547691822052,0.16355711221694946,0.13256990909576416,0.1050807386636734,0.14658451080322266,-0.2668662965297699,-0.53248888254165649],[-0.086180500686168671,-0.091614864766597748,-0.0965605229139328,-0.10205570608377457,-0.10864992439746857,-0.11437432467937469,-0.15108168125152588,-0.14617736637592316,-0.093125037848949432,-0.03168976679444313,0.030527641996741295,0.085721537470817566,0.077437430620193481,-0.0084834415465593338,-0.083896301686763763],[0.92273157835006714,1.006359338760376,1.0824663639068604,1.1670299768447876,1.2685062885284424,1.3565971851348877,0.94832462072372437,1.0088529586791992,1.3991826772689819,1.4468616247177124,1.4951475858688354,1.537982702255249,1.4884241819381714,1.1639324426651,0.88758081197738647],[0.13429422676563263,0.23813392221927643,0.3326355516910553,0.4376373291015625,0.56363946199417114,0.67302125692367554,-0.027680667117238045,0.074554182589054108,0.62784671783447266,0.42357805371284485,0.21670883893966675,0.033192388713359833,0.24354438483715057,0.052585478872060776,0.090647734701633453]],"jointUpperLimits":[2.96705972839036,1.48352986419518,1.22173047639603,5.23598775598299,2.26892802759263,6.28318530717959],"jointLowerLimits":[-2.96705972839036,-1.13446401379631,-3.14159265358979,-5.23598775598299,-2.26892802759263,-6.28318530717959],"axisTranslations":[[0.0,0.0,-0.78],[-0.78,-0.32,-4.77596477990727E-17],[-1.915,-0.32,-4.77596477990727E-17],[-2.115,2.81659461379147E-17,-1.9125],[2.115,1.9125,-1.4526892872218E-16],[2.115,-2.81659461379147E-17,-1.9125],null,null,null]}