{"axis_direction":[2,1,1,0,1,0],"arm_lengths":[[0.0,-0.78,-1.915,-2.115,2.115,2.115],[0.0,-0.32,-0.32,2.81659461379147E-17,1.9125,-2.81659461379147E-17],[-0.78,-4.77596477990727E-17,-4.77596477990727E-17,-1.9125,-1.4526892872218E-16,-1.9125],[1.0,1.0,1.0,1.0,1.0,1.0]],"acc_limit":6.2831853071795862,"TCP_vel_limit":100.0,"pos_lim_pos":[2.96705972839036,1.48352986419518,1.22173047639603,5.23598775598299,2.26892802759263,6.28318530717959],"pos_lim_neg":[-2.96705972839036,-1.13446401379631,-3.14159265358979,-5.23598775598299,-2.26892802759263,-6.28318530717959],"vel_lim_pos":[6.5449846949787363,5.2359877559829879,5.2359877559829879,7.4176493209759009,7.4176493209759009,10.035643198967394],"vel_lim_neg":[-6.5449846949787363,-5.2359877559829879,-5.2359877559829879,-7.4176493209759009,-7.4176493209759009,-10.035643198967394],"AXIS":[0,1,2,3,4,5],"TIME":[0,1,2,3,4,5,6,7,8,9,10],"TARGETS":[0,1,2,3,4,5,6,7,8,9,10],"ang_pos_targets":[[-1.3938808441162109,-1.3938808441162109,-0.8095320463180542,-0.10189451277256012,0.67450767755508423,0.82075792551040649,0.32308709621429443,-0.55520981550216675,-0.93786007165908813,-1.4200721979141235,-1.4200721979141235],[-0.40041288733482361,-0.40041288733482361,-0.28050398826599121,-0.13529615104198456,0.024022238329052925,0.18505784869194031,0.048700116574764252,0.038454692810773849,0.0030339499935507774,-0.40486240386962891,-0.40486240386962891],[0.0025301838759332895,0.0025301838759332895,0.056037332862615585,0.12083368003368378,0.19192659854888916,0.41929593682289124,0.17495609819889069,0.12124136090278625,0.09297516942024231,0.00027725109248422086,0.00027725109248422086],[-0.0014279577881097794,-0.0014279577881097794,-0.031622335314750671,-0.068187274038791656,-0.10830540210008621,-0.15243472158908844,-0.054577130824327469,0.053273569792509079,0.088884636759758,0.00026532448828220367,0.00026532448828220367],[0.53415995836257935,0.53415995836257935,0.75747448205947876,1.0279049873352051,1.3246145248413086,0.9316256046295166,1.4290992021560669,1.5128004550933838,1.472894549369812,0.52643263339996338,0.52643263339996338],[0.0086654368788003922,0.0086654368788003922,0.19189739227294922,0.41378852725028992,0.657241940498352,-0.055885985493659973,0.49967721104621887,0.14107996225357056,-3.4433497830832493E-08,1.7623022485757645E-10,1.7623022485757645E-10]],"N_targets":11,"n_axis":6,"N":11,"time_end":11.0,"time_step":1.0,"time_step_orig":1.0,"resolution":1,"robot_name":"IRB8700-800/3.5","optimal_poses":[[0.0,0.0,0.0,0.0,0.0,0.0,0.0,0.0,0.0,0.0,0.0],[0.0,0.0,0.0,0.0,0.0,0.0,0.0,0.0,0.0,0.0,0.0],[0.0,0.0,0.0,0.0,0.0,0.0,0.0,0.0,0.0,0.0,0.0],[0.0,0.0,0.0,0.0,0.0,0.0,0.0,0.0,0.0,0.0,0.0],[0.0,0.0,0.0,0.0,0.0,0.0,0.0,0.0,0.0,0.0,0.0],[0.0,0.0,0.0,0.0,0.0,0.0,0.0,0.0,0.0,0.0,0.0]],"optimal_velocity":[[0.0,0.0,0.0,0.0,0.0,0.0,0.0,0.0,0.0,0.0],[0.0,0.0,0.0,0.0,0.0,0.0,0.0,0.0,0.0,0.0],[0.0,0.0,0.0,0.0,0.0,0.0,0.0,0.0,0.0,0.0],[0.0,0.0,0.0,0.0,0.0,0.0,0.0,0.0,0.0,0.0],[0.0,0.0,0.0,0.0,0.0,0.0,0.0,0.0,0.0,0.0],[0.0,0.0,0.0,0.0,0.0,0.0,0.0,0.0,0.0,0.0]],"optimal_acceleration":[[0.0,0.0,0.0,0.0,0.0,0.0,0.0,0.0,0.0],[0.0,0.0,0.0,0.0,0.0,0.0,0.0,0.0,0.0],[0.0,0.0,0.0,0.0,0.0,0.0,0.0,0.0,0.0],[0.0,0.0,0.0,0.0,0.0,0.0,0.0,0.0,0.0],[0.0,0.0,0.0,0.0,0.0,0.0,0.0,0.0,0.0],[0.0,0.0,0.0,0.0,0.0,0.0,0.0,0.0,0.0]],"optimal_poses_decimated":[[0.0,0.0,0.0,0.0,0.0,0.0,0.0,0.0,0.0,0.0,0.0],[0.0,0.0,0.0,0.0,0.0,0.0,0.0,0.0,0.0,0.0,0.0],[0.0,0.0,0.0,0.0,0.0,0.0,0.0,0.0,0.0,0.0,0.0],[0.0,0.0,0.0,0.0,0.0,0.0,0.0,0.0,0.0,0.0,0.0],[0.0,0.0,0.0,0.0,0.0,0.0,0.0,0.0,0.0,0.0,0.0],[0.0,0.0,0.0,0.0,0.0,0.0,0.0,0.0,0.0,0.0,0.0]],"optimal_velocity_decimated":[[0.0,0.0,0.0,0.0,0.0,0.0,0.0,0.0,0.0,0.0,0.0],[0.0,0.0,0.0,0.0,0.0,0.0,0.0,0.0,0.0,0.0,0.0],[0.0,0.0,0.0,0.0,0.0,0.0,0.0,0.0,0.0,0.0,0.0],[0.0,0.0,0.0,0.0,0.0,0.0,0.0,0.0,0.0,0.0,0.0],[0.0,0.0,0.0,0.0,0.0,0.0,0.0,0.0,0.0,0.0,0.0],[0.0,0.0,0.0,0.0,0.0,0.0,0.0,0.0,0.0,0.0,0.0]],"optimal_acceleration_decimated":[[0.0,0.0,0.0,0.0,0.0,0.0,0.0,0.0,0.0,0.0,0.0],[0.0,0.0,0.0,0.0,0.0,0.0,0.0,0.0,0.0,0.0,0.0],[0.0,0.0,0.0,0.0,0.0,0.0,0.0,0.0,0.0,0.0,0.0],[0.0,0.0,0.0,0.0,0.0,0.0,0.0,0.0,0.0,0.0,0.0],[0.0,0.0,0.0,0.0,0.0,0.0,0.0,0.0,0.0,0.0,0.0],[0.0,0.0,0.0,0.0,0.0,0.0,0.0,0.0,0.0,0.0,0.0]],"TCP_vel_original":[[-0.58000000000000007,-0.6241766232236472,-0.64464005166566052,-0.65770208859612911,-0.68185081331601349,-0.77223607854257992,-0.58460149242920068,-0.580429601252757,-1.3864460501787876,-0.58000000000000007,-0.58000000000000007],[1.2725,1.5632355382529353,1.6234781637751532,1.6568135592694304,-0.0630325557993241,2.4680484272351331,0.807151806189051,1.0716704361191463,1.1032373820618704,1.2725,1.2725],[-4.605,-4.8447849688564624,-4.8849846540188357,-4.9056657885482027,-2.770420969088967,-5.8868080137118968,-4.7598609458953813,-4.582152584731257,-3.3681569741247408,-4.605,-4.605]],"TCP_vel":[[-0.58000000000000007,-0.58000000000000007,-0.58000000000000007,-0.58000000000000007,-0.58000000000000007,-0.58000000000000007,-0.58000000000000007,-0.58000000000000007,-0.58000000000000007,-0.58000000000000007,-0.58000000000000007],[1.2725,1.2725,1.2725,1.2725,1.2725,1.2725,1.2725,1.2725,1.2725,1.2725,1.2725],[-4.605,-4.605,-4.605,-4.605,-4.605,-4.605,-4.605,-4.605,-4.605,-4.605,-4.605]],"target_times":[0.0,0.0,0.0,0.0,0.0,0.0,0.0,0.0,0.0,0.0,0.0]}