{"delta_t":0.1,"jointArray":[[-1.421515941619873,-1.421515941619873,-1.3820227384567261,-1.3287804126739502,-1.2758618593215942,-1.2232370376586914,-1.1708818674087524,-1.1187624931335449,-1.0668492317199707,-1.0151209831237793,-0.96355205774307251,-0.89926457405090332,-0.83513516187667847,-0.77112865447998047,-0.70719611644744873,-0.64328283071517944,-0.5921441912651062,-0.52818387746810913,-0.46413546800613403,-0.41279909014701843,-0.34848064184188843,-0.28396821022033691,-0.21920906007289886,-0.154157355427742,-0.08878132700920105,-0.023044057190418243,0.029847549274563789,0.096372544765472412,0.14994253218173981,0.21737775206565857,0.28540036082267761,0.35405218601226807,0.42337280511856079,0.49342238903045654,0.55002659559249878,0.62152475118637085,0.693909227848053,0.76733934879302979,0.81223535537719727,0.82262420654296875,0.8219875693321228,0.82133090496063232,0.8206523060798645,0.819949746131897,0.81933134794235229,0.81940150260925293,0.82007795572280884,0.82077604532241821,0.82145053148269653,0.82210350036621094,0.82273769378662109,0.80524879693984985,0.74785453081130981,0.66887277364730835,0.58982670307159424,0.5106932520866394,0.43147417902946472,0.35215923190116882,0.2727600634098053,0.1932859867811203,0.11371847987174988,0.034066066145896912,-0.045659974217414856,-0.10950684547424316,-0.18939439952373505,-0.26935634016990662,-0.33338683843612671,-0.4135076105594635,-0.49370670318603516,-0.57398253679275513,-0.65434670448303223,-0.73478841781616211,-0.815315306186676,-0.8717924952507019,-0.89392918348312378,-0.909144937992096,-0.91113162040710449,-0.90568292140960693,-0.92459249496459961,-0.97148513793945313,-1.0178910493850708,-1.062238335609436,-1.1048718690872192,-1.1379330158233643,-1.1781326532363892,-1.2095167636871338,-1.2479144334793091,-1.2855066061019897,-1.3224208354949951,-1.3659687042236328,-1.387476921081543,-1.4212316274642944],[-0.4060836136341095,-0.4060836136341095,-0.39797958731651306,-0.38705423474311829,-0.3761952817440033,-0.36539658904075623,-0.35465329885482788,-0.34395834803581238,-0.333305686712265,-0.32269099354743958,-0.31210902333259583,-0.29891714453697205,-0.28575775027275085,-0.27262359857559204,-0.25950455665588379,-0.24638949334621429,-0.2358957976102829,-0.22277110815048218,-0.20962831377983093,-0.19909404218196869,-0.18589584529399872,-0.17265784740447998,-0.15936920046806335,-0.1460205465555191,-0.13260532915592194,-0.11911597102880478,-0.10826257616281509,-0.094611585140228271,-0.083618976175785065,-0.069781206548213959,-0.055822912603616714,-0.041735492646694183,-0.027510842308402061,-0.01313661877065897,-0.0015213859733194113,0.013150096870958805,0.02800346165895462,0.043071374297142029,0.05738004669547081,0.085297301411628723,0.11933011561632156,0.15443114936351776,0.19070516526699066,0.22825819253921509,0.26131430268287659,0.25756838917732239,0.22140514850616455,0.18408988416194916,0.1480347067117691,0.11313351988792419,0.079232938587665558,0.0575144998729229,0.053655076771974564,0.05273374542593956,0.051811661571264267,0.050888564437627792,0.049964465200901031,0.049039248377084732,0.048113048076629639,0.047185976058244705,0.046257812529802322,0.04532865434885025,0.04439864307641983,0.043653864413499832,0.042721968144178391,0.041789203882217407,0.041042283177375793,0.040107663720846176,0.039172135293483734,0.038235709071159363,0.037298250943422318,0.036359887570142746,0.035420533269643784,0.034117806702852249,0.030068580061197281,0.014091180637478828,0.00927866343408823,0.024038786068558693,0.014209344983100891,-0.025408949702978134,-0.064663060009479523,-0.10217580944299698,-0.13823892176151276,-0.16620488464832306,-0.20020908117294312,-0.22675652801990509,-0.25923651456832886,-0.2910352349281311,-0.32226043939590454,-0.35909706354141235,-0.3772905170917511,-0.40584328770637512],[-2.8476907232288795E-07,-2.8476907232288795E-07,0.0036159972660243511,0.0084912367165088654,0.013336848467588425,0.018155550584197044,0.022949561476707458,0.027721986174583435,0.032475538551807404,0.037212148308753967,0.041934166103601456,0.047820787876844406,0.053692925721406937,0.059553824365139008,0.065407939255237579,0.071260303258895874,0.075942918658256531,0.081799574196338654,0.087664306163787842,0.09236503392457962,0.0982544869184494,0.10416170954704285,0.11009151488542557,0.11604811996221542,0.12203440815210342,0.12805378437042236,0.13289691507816315,0.1389884352684021,0.14389367401599884,0.15006852149963379,0.15629714727401733,0.16258341073989868,0.16893090307712555,0.17534513771533966,0.18052820861339569,0.18707509338855743,0.19370314478874207,0.20042692124843597,0.21286019682884216,0.25592184066772461,0.31165608763694763,0.36913973093032837,0.42854434251785278,0.49004355072975159,0.54417824745178223,0.5380437970161438,0.4788205623626709,0.41771075129508972,0.35866454243659973,0.30150815844535828,0.24599045515060425,0.20967057347297668,0.20093396306037903,0.19610360264778137,0.19126930832862854,0.1864296942949295,0.18158482015132904,0.17673408985137939,0.17187820374965668,0.16701774299144745,0.16215157508850098,0.15728020668029785,0.152404323220253,0.14849959313869476,0.14361384510993958,0.13872353732585907,0.13480757176876068,0.12990756332874298,0.12500275671482086,0.12009327113628387,0.11517836153507233,0.11025872081518173,0.10533387213945389,0.10458145290613174,0.11913315951824188,0.18449273705482483,0.20446540415287018,0.1395413726568222,0.095834501087665558,0.0865112766623497,0.0775904506444931,0.069065354764461517,0.060869704931974411,0.05451420322060585,0.046786457300186157,0.040753323584795,0.033371973782777786,0.026145439594984055,0.019049245864152908,0.010677816346287727,0.0065431911498308182,5.4351850849343464E-05],[-2.4261564979255468E-10,-2.4261564979255468E-10,-0.0020406881812959909,-0.0047918125055730343,-0.0075262179598212242,-0.010245438665151596,-0.012950725853443146,-0.015643829479813576,-0.018326288089156151,-0.020999180153012276,-0.023663841187953949,-0.026985693722963333,-0.03029937855899334,-0.033606711775064468,-0.036910224705934525,-0.040212742984294891,-0.042855169624090195,-0.04616011306643486,-0.049469616264104843,-0.052122261375188828,-0.055445712059736252,-0.058779191225767136,-0.062125414609909058,-0.06548675149679184,-0.0688648596405983,-0.072261624038219452,-0.07499462366104126,-0.078432098031044,-0.081200152635574341,-0.084684662520885468,-0.088199511170387268,-0.091746881604194641,-0.095328807830810547,-0.0989483967423439,-0.10187323391437531,-0.10556767880916595,-0.1093079149723053,-0.11316200345754623,-0.11727875471115112,-0.12459304928779602,-0.13408158719539642,-0.14388284087181091,-0.15401162207126617,-0.16449752449989319,-0.1723674088716507,-0.17163980007171631,-0.16258394718170166,-0.15216442942619324,-0.14209677278995514,-0.13235130906105042,-0.12287896871566772,-0.11465185135602951,-0.10673587769269943,-0.097037971019744873,-0.087331488728523254,-0.077614270150661469,-0.06788654625415802,-0.05814705416560173,-0.048397209495306015,-0.0386381670832634,-0.028867658227682114,-0.019086718559265137,-0.0092967385426163673,-0.0014566454337909818,0.0083531672134995461,0.018172115087509155,0.026034759357571602,0.035873208194971085,0.045721277594566345,0.055578768253326416,0.065447106957435608,0.075324974954128265,0.085213296115398407,0.09107787162065506,0.087493367493152618,0.0630934089422226,0.055374782532453537,0.080209702253341675,0.091211341321468353,0.082705147564411163,0.074176818132400513,0.066026821732521057,0.058191776275634766,0.05211590975522995,0.044728178530931473,0.038960494101047516,0.031903911381959915,0.024995341897010803,0.018211370334029198,0.010208277031779289,0.0062555703334510326,5.2232662710594013E-05],[0.52359890937805176,0.52359890937805176,0.53869163990020752,0.55903863906860352,0.57926201820373535,0.59937310218811035,0.61938118934631348,0.63929909467697144,0.6591382622718811,0.67890667915344238,0.69861429929733276,0.7231823205947876,0.74769002199172974,0.77215069532394409,0.79658317565917969,0.82100826501846313,0.84055137634277344,