{"delta_t":0.5,"jointArray":[[-1.421515941619873,-1.3259057998657227,-1.0662009716033936,-0.76622468233108521,-0.45280584692955017,-0.13610261678695679,0.18876352906227112,0.4941285252571106,0.81145918369293213,0.81995630264282227,0.82133442163467407,0.67231428623199463,0.32122096419334412,-0.050162043422460556,-0.42337635159492493,-0.79837924242019653,-0.908829927444458,-1.0645023584365845,-1.2612403631210327,-1.421515941619873],[-0.4060836136341095,-0.38646429777145386,-0.33317264914512634,-0.27161729335784912,-0.20730346441268921,-0.14231568574905396,-0.075652875006198883,-0.012991711497306824,0.056868188083171844,0.22791014611721039,0.15424278378486633,0.052773889154195786,0.048678349703550339,0.044346127659082413,0.039992544800043106,0.035618096590042114,0.014854181557893753,-0.10409082472324371,-0.270508736371994,-0.40608379244804382],[-2.8476907232288795E-07,0.0087544713169336319,0.032534904778003693,0.06000286340713501,0.088701732456684113,0.11770133674144745,0.14744840562343597,0.17540979385375977,0.21221329271793365,0.48947355151176453,0.36883127689361572,0.19631408154964447,0.174841970205307,0.15212897956371307,0.12930402159690857,0.10636964440345764,0.18132616579532623,0.068630151450634,0.030810263007879257,2.3648981084534171E-07],[-2.4261564979255468E-10,-0.0049403570592403412,-0.01835978776216507,-0.033860106021165848,-0.050055038183927536,-0.066419675946235657,-0.083206102252006531,-0.098984874784946442,-0.11713970452547073,-0.16440033912658691,-0.14383023977279663,-0.09746057540178299,-0.05434798076748848,-0.00874390546232462,0.037085041403770447,0.083133623003959656,0.064317166805267334,0.065610766410827637,0.029454916715621948,-1.4600887610072277E-08],[0.52359890937805176,0.56013727188110352,0.6593860387802124,0.77402478456497192,0.89380085468292236,1.0148320198059082,1.1389827728271484,1.2556809186935425,1.349844217300415,0.78394746780395508,1.0378209352493286,1.3958179950714111,1.4292769432067871,1.4646695852279663,1.5002367496490479,1.5359742641448975,1.4473824501037598,1.2243276834487915,0.83818000555038452,0.52359855175018311],[5.303457673022649E-10,0.02998012863099575,0.11141476780176163,0.20547711849212646,0.30375465750694275,0.40306204557418823,0.5049290657043457,0.6006811261177063,0.65616106986999512,-0.30532053112983704,0.12348215281963348,0.64226210117340088,0.49891531467437744,0.34728440642356873,0.19490587711334229,0.041797053068876266,0.421347051858902,-2.5278442450371585E-08,-1.10561009236676E-08,1.8858919759168202E-07]],"jointUpperLimits":[2.96705972839036,1.48352986419518,1.22173047639603,5.23598775598299,2.26892802759263,6.28318530717959],"jointLowerLimits":[-2.96705972839036,-1.13446401379631,-3.14159265358979,-5.23598775598299,-2.26892802759263,-6.28318530717959],"axisTranslations":[[0.0,0.0,-0.78],[-0.78,-0.32,-4.77596477990727E-17],[-1.915,-0.32,-4.77596477990727E-17],[-2.115,2.81659461379147E-17,-1.9125],[2.115,1.9125,-1.4526892872218E-16],[2.115,-2.81659461379147E-17,-1.9125],null,null,null]}