{"delta_t":0.5,"jointArray":[[-1.6426575183868408,-1.2747800350189209,-0.8525499701499939,-0.43032002449035645,0.0341329388320446,0.540794312953949,0.8223491907119751,0.81928622722625732,0.82162892818450928,0.44633600115776062,-0.060339953750371933,-0.52479290962219238,-0.879981279373169,-0.923118531703949,-1.3592857122421265,-1.6426575183868408],[0.17145608365535736,0.15401263535022736,0.13399201631546021,0.11397138983011246,0.091948695480823517,0.0679246336221695,0.071879290044307709,0.2637268602848053,0.06985010951757431,0.050137829035520554,0.044227402657270432,0.038809508085250854,0.033250868320465088,0.038263753056526184,0.11911653727293015,0.17145608365535736],[-0.53248888254165649,-0.42238315939903259,-0.29600977897644043,-0.16963641345500946,-0.030625689774751663,0.12101800739765167,0.23374916613101959,0.54812932014465332,0.23057055473327637,0.18249374628067017,0.15150652825832367,0.12310159951448441,0.10731720924377441,0.0822562500834465,-0.29086768627166748,-0.53248888254165649],[-0.083896301686763763,-0.088684104382991791,-0.094179287552833557,-0.09967445582151413,-0.10571915656328201,-0.11231318116188049,-0.1211765855550766,-0.17282123863697052,-0.12009139358997345,-0.069711513817310333,-0.0074941068887710571,0.049538515508174896,0.090800881385803223,0.089882358908653259,-0.015297668986022472,-0.083896301686763763],[0.88758081197738647,0.96125876903533936,1.0458222627639771,1.1303857564926147,1.2234057188034058,1.3248789310455322,1.3161728382110596,0.68001806735992432,1.3233678340911865,1.4173535108566284,1.4656394720077515,1.5099016427993774,1.5365477800369263,1.5246260166168213,1.1389614343643188,0.88758081197738647],[0.090647734701633453,0.18213297426700592,0.28713473677635193,0.39213654398918152,0.50763851404190063,0.633637011051178,0.59393692016601563,-0.48086154460906982,0.602802574634552,0.54999816417694092,0.34312891960144043,0.15349879860877991,0.039340030401945114,0.00855062436312437,0.056024745106697083,0.090647734701633453]],"jointUpperLimits":[2.96705972839036,1.48352986419518,1.22173047639603,5.23598775598299,2.26892802759263,6.28318530717959],"jointLowerLimits":[-2.96705972839036,-1.13446401379631,-3.14159265358979,-5.23598775598299,-2.26892802759263,-6.28318530717959],"axisTranslations":[[0.0,0.0,-0.78],[-0.78,-0.32,-4.77596477990727E-17],[-1.915,-0.32,-4.77596477990727E-17],[-2.115,2.81659461379147E-17,-1.9125],[2.115,1.9125,-1.4526892872218E-16],[2.115,-2.81659461379147E-17,-1.9125],null,null,null]}