{"delta_t":0.5,"jointArray":[[-1.6426575183868408,-1.517950177192688,-1.1129251718521118,-0.69069516658782959,-0.26846522092819214,0.19598777592182159,0.68421465158462524,0.820977509021759,0.8202824592590332,0.73782807588577271,0.24225820600986481,-0.17997176945209503,-0.64413970708847046,-0.84667456150054932,-0.90680021047592163,-1.3944716453552246,-1.6426575183868408],[0.17145608365535736,0.16554290056228638,0.1463380753993988,0.12631744146347046,0.10629681497812271,0.084274120628833771,0.061124157160520554,0.17332109808921814,0.21047435700893402,0.053538113832473755,0.047757238149642944,0.042831882834434509,0.037417314946651459,0.035054724663496017,0.029331082478165627,0.1256154477596283,0.17145608365535736],[-0.53248888254165649,-0.49516397714614868,-0.37394005060195923,-0.24756665527820587,-0.12119327485561371,0.017817439511418343,0.16394369304180145,0.40007510781288147,0.460919588804245,0.20032075047492981,0.17001278698444366,0.14419011771678925,0.11580260843038559,0.10341601073741913,0.12092903256416321,-0.32086941599845886,-0.53248888254165649],[-0.083896301686763763,-0.085519321262836456,-0.090790584683418274,-0.09628576785326004,-0.10178094357252121,-0.10782564431428909,-0.11417975276708603,-0.14915746450424194,-0.15953175723552704,-0.10550535470247269,-0.044651724398136139,0.007196113932877779,0.0641937404870987,0.089064054191112518,0.08556210994720459,-0.023815453052520752,-0.083896301686763763],[0.88758081197738647,0.91255700588226318,0.99367475509643555,1.0782382488250732,1.1628018617630005,1.2558215856552124,1.3536030054092407,0.97207289934158325,0.84403496980667114,1.3895745277404785,1.4368020296096802,1.4770402908325195,1.5212754011154175,1.5405768156051636,1.5134792327880859,1.1077479124069214,0.88758081197738647],[0.090647734701633453,0.12166045606136322,0.22238366305828094,0.32738545536994934,0.43238723278045654,0.54788917303085327,0.66930335760116577,0.01243116706609726,-0.20383031666278839,0.66901051998138428,0.46667581796646118,0.29428479075431824,0.10477106273174286,0.022078707814216614,0.12468267232179642,0.060323826968669891,0.090647734701633453]],"jointUpperLimits":[2.96705972839036,1.48352986419518,1.22173047639603,5.23598775598299,2.26892802759263,6.28318530717959],"jointLowerLimits":[-2.96705972839036,-1.13446401379631,-3.14159265358979,-5.23598775598299,-2.26892802759263,-6.28318530717959],"axisTranslations":[[0.0,0.0,-0.78],[-0.78,-0.32,-4.77596477990727E-17],[-1.915,-0.32,-4.77596477990727E-17],[-2.115,2.81659461379147E-17,-1.9125],[2.115,1.9125,-1.4526892872218E-16],[2.115,-2.81659461379147E-17,-1.9125],null,null,null]}