{"axis_direction":[2,1,1,0,1,0],"arm_lengths":[[0.5,0.0,0.8,0.8,0.3,0.0],[0.0,0.0,0.0,0.0,0.0,0.0],[0.5,2.0,0.4,0.0,0.0,0.0],[1.0,1.0,1.0,1.0,1.0,1.0]],"acc_limit":6.2831853071795862,"TCP_vel_limit":100.0,"pos_lim_pos":[2.97,1.14,1.17,5.24,2.27,6.29],"pos_lim_neg":[-2.97,-1.14,-0.53,-5.24,-2.27,-6.29],"vel_lim_pos":[6.5449846949787363,5.2359877559829879,5.2359877559829879,7.4176493209759009,7.4176493209759009,10.035643198967394],"vel_lim_neg":[-6.5449846949787363,-5.2359877559829879,-5.2359877559829879,-7.4176493209759009,-7.4176493209759009,-10.035643198967394],"AXIS":[0],"TIME":[0,1,2,3,4,5,6,7,8,9,10,11,12,13,14,15,16,17,18,19,20,21,22,23,24,25,26],"TARGETS":[0,1,2,3,4,5,6,7,8,9,10,11,12,13,14,15,16,17,18,19,20,21],"ang_pos_targets":[[4.8616693655597132,5.02942938009371,5.2251119057284754,5.4503259698497217,5.674133066331045,5.8983765880214136,6.1248240361558359,6.3552560547934931,6.5915474633323115,6.8357366959201258,7.0878379980670374,6.93481016555895,6.644473824893133,6.3662503401385706,6.0870002994882029,5.80673069158663,5.5120391289340418,5.3722757736789148,5.2606589237796229,5.1129013935672205,4.9790526072131556,4.8616871277438563]],"N_targets":22,"n_axis":1,"N":27,"time_end":13.5,"time_step":0.5,"time_step_orig":0.5,"resolution":1,"robot_name":"IRB8700-800/3.5","optimal_poses":[[4.8616693655597354,4.8616693655597354,4.8616693655597354,4.8616693655597354,4.8616693655597354,5.0294293800937844,5.2251119057286335,5.4503259698497324,5.6741330663311631,5.898376588021419,6.1248240361559274,6.3552560547935926,6.5915474633323567,6.83573669592017,7.0878379980670587,6.9348101655590995,6.6444738248929207,6.3662503401386878,6.0870002994882357,5.8067306915868171,5.5120391289339405,5.3722757736790729,5.260658923779638,5.1129013935673244,4.9790526072133394,4.861687127743914,4.861687127743914]],"optimal_velocity":[[0.0,0.0,0.0,0.0,0.33552002906809791,0.39136505126969923,0.4504281282421978,0.44761419296286,0.44848704338051232,0.45289489626901741,0.46086403727532987,0.47258281707753075,0.48837846517562394,0.5042026042937795,-0.3060556650159208,-0.58067268133235639,-0.55644696950846528,-0.55850008130090578,-0.56053921580283661,-0.58938312530575221,-0.2795267105097361,-0.22323369979886831,-0.29551506042462877,-0.26769757270796984,-0.23473095893884907,0.0]],"optimal_acceleration":[[0.0,0.0,0.0,0.67104005813619594,0.11169004440320253,0.11812615394499716,-0.0056278705586756033,0.0017457008353046913,0.0088157057770101872,0.015938282012624809,0.023437559604401966,0.031591296196186315,0.031648278236311091,-1.6205165386194007,-0.54923403263287118,0.048451423647782044,-0.0041062235848808972,-0.0040782690038617874,-0.057687819005830886,0.61971282959203211,0.11258602142173552,-0.14456272125152086,0.055634975433317781,0.065933227538241587,0.4694619178776982]],"optimal_poses_decimated":[[4.8616693655597354,4.8616693655597354,4.8616693655597354,4.8616693655597354,4.8616693655597354,5.0294293800937844,5.2251119057286335,5.4503259698497324,5.6741330663311631,5.898376588021419,6.1248240361559274,6.3552560547935926,6.5915474633323567,6.83573669592017,7.0878379980670587,6.9348101655590995,6.6444738248929207,6.3662503401386878,6.0870002994882357,5.8067306915868171,5.5120391289339405,5.3722757736790729]],"optimal_velocity_decimated":[[0.0,0.0,0.0,0.0,0.33552002906809791,0.39136505126969923,0.4504281282421978,0.44761419296286,0.44848704338051232,0.45289489626901741,0.46086403727532987,0.47258281707753075,0.48837846517562394,0.5042026042937795,-0.3060556650159208,-0.58067268133235639,-0.55644696950846528,-0.55850008130090578,-0.56053921580283661,-0.58938312530575221,-0.2795267105097361,-0.22323369979886831]],"optimal_acceleration_decimated":[[0.0,0.0,0.0,0.67104005813619594,0.11169004440320253,0.11812615394499716,-0.0056278705586756033,0.0017457008353046913,0.0088157057770101872,0.015938282012624809,0.023437559604401966,0.031591296196186315,0.031648278236311091,-1.6205165386194007,-0.54923403263287118,0.048451423647782044,-0.0041062235848808972,-0.0040782690038617874,-0.057687819005830886,0.61971282959203211,0.11258602142173552,-0.14456272125152086]],"TCP_vel_original":null,"TCP_vel":null,"target_times":[0.0,5.0,6.0,7.0,8.0,9.0,10.0,11.0,12.0,13.0,14.0,15.0,16.0,17.0,18.0,19.0,20.0,21.0,22.0,23.0,24.0,26.0]}