{"delta_t":0.5,"jointArray":[[-1.6426575183868408,-1.4899462461471558,-1.2115931510925293,-0.85314375162124634,-0.5237652063369751,-0.10005625337362289,0.32827866077423096,0.69558161497116089,0.82066768407821655,0.82098549604415894,0.66627049446105957,0.24366077780723572,-0.18136931955814362,-0.63555437326431274,-0.90840369462966919,-1.0382953882217407,-1.3901349306106567,-1.6426575183868408],[0.17145608365535736,0.16421505808830261,0.15101654827594757,0.13402017951011658,0.11840222030878067,0.098311468958854675,0.078001365065574646,0.060585178434848785,0.18988345563411713,0.17289350926876068,0.052703388035297394,0.047773599624633789,0.04281558096408844,0.037517465651035309,0.015886861830949783,0.059828724712133408,0.12481445819139481,0.17145608365535736],[-0.53248888254165649,-0.48678240180015564,-0.40347135066986084,-0.29618746042251587,-0.19760452210903168,-0.070788495242595673,0.057412091642618179,0.16734582185745239,0.42719867825508118,0.39937487244606018,0.19594445824623108,0.17009855806827545,0.14410464465618134,0.116327665746212,0.17704039812088013,-0.01717039942741394,-0.31717166304588318,-0.53248888254165649],[-0.083896301686763763,-0.085883781313896179,-0.089506462216377258,-0.09417155385017395,-0.09845830500125885,-0.10397272557020187,-0.10954736173152924,-0.11432769149541855,-0.15378217399120331,-0.14903807640075684,-0.096718430519104,-0.044823955744504929,0.0073677250184118748,0.063139498233795166,0.0659734457731247,0.062407679855823517,-0.0227656252682209,-0.083896301686763763],[0.88758081197738647,0.91816556453704834,0.97391372919082642,1.0457034111022949,1.1116707324981689,1.1965304613113403,1.2823166847229004,1.355879545211792,0.914995551109314,0.97354650497436523,1.396393895149231,1.4366685152053833,1.4771735668182373,1.5204571485519409,1.452572226524353,1.4237139225006104,1.1115950345993042,0.88758081197738647],[0.090647734701633453,0.12862458825111389,0.19784650206565857,0.28698709607124329,0.36889821290969849,0.47426781058311462,0.58078783750534058,0.67213016748428345,-0.0839749425649643,0.014920041896402836,0.63979458808898926,0.46724849939346313,0.29371422529220581,0.10827634483575821,0.39911291003227234,0.016805429011583328,0.059793960303068161,0.090647734701633453]],"jointUpperLimits":[2.96705972839036,1.48352986419518,1.22173047639603,5.23598775598299,2.26892802759263,6.28318530717959],"jointLowerLimits":[-2.96705972839036,-1.13446401379631,-3.14159265358979,-5.23598775598299,-2.26892802759263,-6.28318530717959],"axisTranslations":[[0.0,0.0,-0.78],[-0.78,-0.32,-4.77596477990727E-17],[-1.915,-0.32,-4.77596477990727E-17],[-2.115,2.81659461379147E-17,-1.9125],[2.115,1.9125,-1.4526892872218E-16],[2.115,-2.81659461379147E-17,-1.9125],null,null,null]}