{"delta_t":0.5,"jointArray":[[-1.6426575183868408,-1.5882219076156616,-1.1410738229751587,-0.67662084102630615,-0.2543908953666687,0.25228509306907654,0.74604380130767822,0.820126473903656,0.82164984941482544,0.56596064567565918,0.059291873127222061,-0.40516111254692078,-0.83578842878341675,-0.90606939792633057,-1.3241000175476074,-1.6426575183868408],[0.17145608365535736,0.16887493431568146,0.14767278730869293,0.125650092959404,0.10562945902347565,0.081604704260826111,0.05819244310259819,0.21881300210952759,0.13738103210926056,0.051533263176679611,0.045622918754816055,0.040205024182796478,0.035181712359189987,0.022566189989447594,0.1126176193356514,0.17145608365535736],[-0.53248888254165649,-0.51619631052017212,-0.3823648989200592,-0.24335421621799469,-0.11698082834482193,0.034667223691940308,0.18244913220405579,0.47457548975944519,0.34121742844581604,0.18980972468852997,0.15882295370101929,0.13041801750659943,0.10408177971839905,0.14928631484508514,-0.2608659565448761,-0.53248888254165649],[-0.083896301686763763,-0.084604762494564056,-0.090424239635467529,-0.096468940377235413,-0.10196411609649658,-0.10855833441019058,-0.11498443782329559,-0.16186016798019409,-0.13912194967269897,-0.084400847554206848,-0.022184329107403755,0.034848295152187347,0.087727293372154236,0.07647453248500824,-0.0067798844538629055,-0.083896301686763763],[0.88758081197738647,0.898483157157898,0.98803716897964478,1.081057071685791,1.1656205654144287,1.2670968770980835,1.3659859895706177,0.81529814004898071,1.0959300994873047,1.4059534072875977,1.4542386531829834,1.4985008239746094,1.5395393371582031,1.4854253530502319,1.1701750755310059,0.88758081197738647],[0.090647734701633453,0.10418500006198883,0.21538354456424713,0.33088549971580505,0.43588730692863464,0.5618894100189209,0.68467926979064941,-0.25236791372299194,0.22163091599941254,0.59883934259414673,0.39197304844856262,0.2023429274559021,0.026523368433117867,0.25691494345664978,0.051725659519433975,0.090647734701633453]],"jointUpperLimits":[2.96705972839036,1.48352986419518,1.22173047639603,5.23598775598299,2.26892802759263,6.28318530717959],"jointLowerLimits":[-2.96705972839036,-1.13446401379631,-3.14159265358979,-5.23598775598299,-2.26892802759263,-6.28318530717959],"axisTranslations":[[0.0,0.0,-0.78],[-0.78,-0.32,-4.77596477990727E-17],[-1.915,-0.32,-4.77596477990727E-17],[-2.115,2.81659461379147E-17,-1.9125],[2.115,1.9125,-1.4526892872218E-16],[2.115,-2.81659461379147E-17,-1.9125],null,null,null]}