{"delta_t":0.1,"jointArray":[[-1.421515941619873,-1.421515941619873,-1.421515941619873,-1.421515941619873,-1.4186950922012329,-1.3941988945007324,-1.3233821392059326,-1.2704943418502808,-1.200426459312439,-1.1308131217956543,-1.061577320098877,-0.99266684055328369,-0.92401117086410522,-0.85555118322372437,-0.77018558979034424,-0.70199251174926758,-0.63381808996200562,-0.56562328338623047,-0.514439582824707,-0.42897507548332214,-0.36040911078453064,-0.29162934422492981,-0.20526459813117981,-0.11836763471364975,-0.048415482044219971,0.03967009112238884,0.12857162952423096,0.20033749938011169,0.27275386452674866,0.34587827324867249,0.41975808143615723,0.49446281790733337,0.57006371021270752,0.6466183066368103,0.72420638799667358,0.79402565956115723,0.82222312688827515,0.82209640741348267,0.821220874786377,0.82030570507049561,0.819575309753418,0.81928640604019165,0.81976801156997681,0.82066088914871216,0.82138365507125854,0.82208162546157837,0.821736752986908,0.78871500492095947,0.69067353010177612,0.60637921094894409,0.52198690176010132,0.43749701976776123,0.35289874672889709,0.2682044506072998,0.18342360854148865,0.1197676956653595,0.034808803349733353,-0.050234619528055191,-0.13538235425949097,-0.22062566876411438,-0.30595365166664124,-0.3913867175579071,-0.47691342234611511,-0.56252497434616089,-0.64823693037033081,-0.73403793573379517,-0.81971478462219238,-0.87563133239746094,-0.90069258213043213,-0.91078680753707886,-0.90981793403625488,-0.9076693058013916,-0.93890500068664551,-1.0016164779663086,-1.0495904684066772,-1.1067062616348267,-1.1612775325775146,-1.2138044834136963,-1.2546314001083374,-1.3044302463531494,-1.3531234264373779,-1.400916576385498,-1.421515941619873],[-0.4060836136341095,-0.4060836136341095,-0.4060836136341095,-0.4060836136341095,-0.40550476312637329,-0.40047809481620789,-0.38594642281532288,-0.37509381771087646,-0.3607158362865448,-0.346431165933609,-0.33222389221191406,-0.31808340549468994,-0.30399519205093384,-0.28994715213775635,-0.27243006229400635,-0.25843676924705505,-0.24444733560085297,-0.23045369982719421,-0.21995076537132263,-0.20241336524486542,-0.18834356963634491,-0.17422990500926971,-0.15650779008865356,-0.13867644965648651,-0.12432220578193665,-0.10624697059392929,-0.088004305958747864,-0.073277883231639862,-0.05841798335313797,-0.043412789702415466,-0.028252588585019112,-0.012923123314976692,0.0025902499910444021,0.018299320712685585,0.034220471978187561,0.049389287829399109,0.071187146008014679,0.11351107805967331,0.16031390428543091,0.2092331200838089,0.2482747882604599,0.26371949911117554,0.2379767894744873,0.19024655222892761,0.15161323547363281,0.11430481821298599,0.070159249007701874,0.0548352375626564,0.052988052368164063,0.052004750818014145,0.0510203018784523,0.050034724175930023,0.049047872424125671,0.048059903085231781,0.047070931643247604,0.04632837325334549,0.045337323099374771,0.044345282018184662,0.043352022767066956,0.042357649654150009,0.041362293064594269,0.040365707129240036,0.039368029683828354,0.038369361311197281,0.037369519472122192,0.03636864572763443,0.035369213670492172,0.03376384824514389,0.026674738153815269,0.010114099830389023,0.012460890226066113,0.02587471716105938,0.0021500871516764164,-0.050896633416414261,-0.091477133333683014,-0.13979054987430573,-0.18595166504383087,-0.23038341104984283,-0.26491838693618774,-0.30704253911972046,-0.34823125600814819,-0.38865891098976135,-0.4060836136341095],[-2.8476907232288795E-07,-2.8476907232288795E-07,-2.8476907232288795E-07,-2.8476907232288795E-07,0.00025802248273976147,0.0025010763201862574,0.00898556038737297,0.01382833905518055,0.020244259387254715,0.026618542149662971,0.0329582653939724,0.039268206804990768,0.045554809272289276,0.05182349681854248,0.059640172868967056,0.065884426236152649,0.072126954793930054,0.078371360898017883,0.083058103919029236,0.090883843600749969,0.097162239253520966,0.10346020013093948,0.11136837303638458,0.11932528018951416,0.12573058903217316,0.1337963342666626,0.141936793923378,0.14850819110870361,0.15513916313648224,0.16183494031429291,0.16859990358352661,0.17544040083885193,0.18236297369003296,0.18937283754348755,0.19647736847400665,0.20424535870552063,0.23297615349292755,0.30212649703025818,0.37877371907234192,0.45888686180114746,0.52282392978668213,0.54811716079711914,0.50595933198928833,0.42779329419136047,0.3645249605178833,0.3034263551235199,0.23108160495758057,0.20458556711673737,0.19743688404560089,0.19228163361549377,0.18712037801742554,0.18195316195487976,0.17677931487560272,0.17159959673881531,0.16641458868980408,0.16252152621746063,0.1573256254196167,0.15212453901767731,0.14691710472106934,0.141703799366951,0.13648533821105957,0.13126043975353241,0.12602980434894562,0.12079398334026337,0.11555202305316925,0.11030462384223938,0.10506480932235718,0.10564388334751129,0.13262772560119629,0.2009982168674469,0.19125869870185852,0.11630778014659882,0.092774301767349243,0.0807189866900444,0.071496717631816864,0.0605170838534832,0.050026576966047287,0.039929084479808807,0.032080713659524918,0.022507648915052414,0.013147158548235893,0.0039596282877027988,-2.8476907232288795E-07],[-2.4261564979255468E-10,-2.4261564979255468E-10,-2.4261564979255468E-10,-2.4261564979255468E-10,-0.0001457644539186731,-0.001411532168276608,-0.0050707622431218624,-0.0078035690821707249,-0.01142410933971405,-0.015021150931715965,-0.018598690629005432,-0.022159427404403687,-0.02570699155330658,-0.029244445264339447,-0.03365543857216835,-0.03717910498380661,-0.040701799094676971,-0.044225554913282394,-0.046870309859514236,-0.051286414265632629,-0.054829344153404236,-0.05838332325220108,-0.062845945358276367,-0.0673360750079155,-0.070950627326965332,-0.0755021721124649,-0.080095879733562469,-0.08380415290594101,-0.08754604309797287,-0.091324515640735626,-0.095142021775245667,-0.099002145230770111,-0.10290858894586563,-0.10686430335044861,-0.11087342351675034,-0.11503076553344727,-0.12089509516954422,-0.13245674967765808,-0.14552547037601471,-0.15918517112731934,-0.16973434388637543,-0.1728198379278183,-0.16720341145992279,-0.15388356149196625,-0.14309598505496979,-0.13267837464809418,-0.12019175291061401,-0.11193042248487473,-0.099715009331703186,-0.08936406672000885,-0.079001083970069885,-0.068626128137111664,-0.05823785811662674,-0.047837801277637482,-0.03742711991071701,-0.029610473662614822,-0.01917792484164238,-0.0087349936366081238,0.001720743952319026,0.012188220396637917,0.022666089236736298,0.0331568643450737,0.043659143149852753,0.054171830415725708,0.064696855843067169,0.075232811272144318,0.085753530263900757,0.091035231947898865,0.082812555134296417,0.056714709848165512,0.06047864630818367,0.088100321590900421,0.088692612946033478,0.077167704701423645,0.068351216614246368,0.057854671031236649,0.047825735062360764,0.038172520697116852,0.030669469386339188,0.021517608314752579,0.012568970210850239,0.0037856807466596365,-2.4261564979255468E-10],[0.52359890937805176,0.52359890937805176,0.52359890937805176,0.52359890937805176,0.52467697858810425,0.53403842449188232,0.56110173463821411,0.58131331205368042,0.60809046030044556,0.63469380140304565,0.66115289926528931,0.687487781047821,0.71372514963150024,0.73988783359527588,0.77251112461090088,0.798571765422821,0.82462525367736816,0.85068660974502563,0.87024688720703125,0.90290802717208862,0.92911118268966675,0.95539599657058716,0.98840111494064331,1.0216095447540283,1.0483424663543701,1.0820052623748779,1.115979790687561,1.1434059143066406,1.171080470085144,1.1990257501602173,1.2272595167160034,1.2558087110519409,1.2847002744674683,1.3139563798904419,1.3436074256896973,1.3595293760299683,1.3170011043548584,1.178191065788269,1.0168986320495605,0.84831243753433228,0.718116044998169,0.68003517389297485,0.74935233592987061,0.91374427080154419,1.0468829870224,1.1754556894302368,1.32241952419281,1.3766289949417114,1.3940683603286743,1.4021016359329224,1.4101440906524658,1.4181959629058838,1.4262580871582031,1.4343295097351074,1.4424089193344116,1.4484753608703613,