{"delta_t":0.5,"jointArray":[[-1.6426084041595459,-1.4712721109390259,-1.2766258716583252,-1.0896579027175903,-0.89107942581176758,-0.68948632478713989,-0.48409488797187805,-0.27402105927467346,-0.058245167136192322,0.1644366979598999,0.39547932147979736,0.63667094707489014,0.82257473468780518,0.82024878263473511,0.82044053077697754,0.82274717092514038,0.57475769519805908,0.29734131693840027,0.018882893025875092,-0.27393072843551636,-0.5544813871383667,-0.83603811264038086,-0.90583515167236328,-1.071614146232605,-1.242443323135376,-1.4048869609832764,-1.5695353746414185,-1.6426576375961304],[0.17145374417304993,0.1633295863866806,0.15410016477108002,0.14523482322692871,0.13581894338130951,0.12626013159751892,0.1165211945772171,0.10656025260686874,0.096328936517238617,0.085770159959793091,0.074814952909946442,0.063378512859344482,0.087942637503147125,0.21227549016475677,0.20202432572841644,0.0787285640835762,0.051635880023241043,0.048399791121482849,0.045151542872190475,0.041735842823982239,0.038463190197944641,0.035178802907466888,0.026016861200332642,0.06598278135061264,0.097535416483879089,0.12753917276859283,0.15795020759105682,0.17145611345767975],[-0.532474160194397,-0.48119321465492249,-0.4229356050491333,-0.36697614192962646,-0.30754163861274719,-0.24720485508441925,-0.1857312023639679,-0.12285614013671875,-0.058274444192647934,0.0083742113783955574,0.077525228261947632,0.14971385896205902,0.26025399565696716,0.46386924386024475,0.4470812976360321,0.24516446888446808,0.19034773111343384,0.17338155210018158,0.15635164082050323,0.13844378292560577,0.12128590792417526,0.10406651347875595,0.1348702609539032,-0.045580077916383743,-0.19124022126197815,-0.32975009083747864,-0.47014015913009644,-0.53248894214630127],[-0.0838969424366951,-0.086126826703548431,-0.088660076260566711,-0.091093406081199646,-0.0936778336763382,-0.096301503479480743,-0.098974600434303284,-0.10170863568782806,-0.1045168861746788,-0.10741502046585083,-0.11042196303606033,-0.11356098204851151,-0.12532112002372742,-0.16003468632698059,-0.15717226266860962,-0.12273747473955154,-0.085481084883213043,-0.051415670663118362,-0.017222296446561813,0.018733829259872437,0.05318412184715271,0.08775794506072998,0.081413604319095612,0.054341897368431091,0.012987549416720867,-0.026336763054132462,-0.066194884479045868,-0.083896301686763763],[0.88759064674377441,0.92190563678741455,0.96088904142379761,0.99833470582962036,1.0381057262420654,1.0784803628921509,1.119615912437439,1.1616890430450439,1.204904317855835,1.2495027780532837,1.2957755327224731,1.344080924987793,1.2662466764450073,0.83782786130905151,0.87315553426742554,1.2962325811386108,1.4051151275634766,1.4315526485443115,1.4580895900726318,1.4859945774078369,1.5127309560775757,1.5395631790161133,1.5007592439651489,1.3941566944122314,1.2426130771636963,1.0985085964202881,0.95244789123535156,0.88758081197738647],[0.0906599760055542,0.1332685649394989,0.18167392909526825,0.22816984355449677,0.27755311131477356,0.327686071395874,0.3787635862827301,0.4310055673122406,0.48466557264328003,0.5400429368019104,0.5974995493888855,0.657480001449585,0.50930553674697876,-0.21431437134742737,-0.15464447438716888,0.559183657169342,0.602431058883667,0.4891655445098877,0.37547460198402405,0.25592255592346191,0.14137738943099976,0.026421451941132545,0.18715324997901917,0.020876377820968628,0.04174867644906044,0.061596378684043884,0.08171350508928299,0.09064774215221405]],"jointUpperLimits":[2.96705972839036,1.48352986419518,1.22173047639603,5.23598775598299,2.26892802759263,6.28318530717959],"jointLowerLimits":[-2.96705972839036,-1.13446401379631,-3.14159265358979,-5.23598775598299,-2.26892802759263,-6.28318530717959],"axisTranslations":[[0.0,0.0,-0.78],[-0.78,-0.32,-4.77596477990727E-17],[-1.915,-0.32,-4.77596477990727E-17],[-2.115,2.81659461379147E-17,-1.9125],[2.115,1.9125,-1.4526892872218E-16],[2.115,-2.81659461379147E-17,-1.9125],null,null,null]}