{"delta_t":0.5,"jointArray":[[-1.4837898015975952,-1.2053693532943726,-0.827654242515564,-0.43806123733520508,-0.051515340805053711,0.35794058442115784,0.770115077495575,0.81955122947692871,0.82275909185409546,0.44647696614265442,-0.0039834082126617432,-0.48386767506599426,-0.844139039516449,-1.0269180536270142,-1.379973292350769,-1.6426575183868408],[0.16392314434051514,0.15072143077850342,0.13281154632568359,0.11433845013380051,0.096009835600852966,0.076594904065132141,0.057051070034503937,0.24956279993057251,0.078076519072055817,0.050139475613832474,0.044884808361530304,0.039286907762289047,0.035084303468465805,0.057727299630641937,0.12293756008148193,0.17145608365535736],[-0.48493978381156921,-0.40160855650901794,-0.28855845332145691,-0.17195335030555725,-0.056260209530591965,0.066289894282817841,0.1896536648273468,0.52493327856063843,0.24409663677215576,0.18250235915184021,0.15495318174362183,0.12560449540615082,0.1035710796713829,-0.0074693253263831139,-0.30850714445114136,-0.53248888254165649],[-0.0859639048576355,-0.089587457478046417,-0.094503290951251984,-0.099573709070682526,-0.10460447520017624,-0.10993340611457825,-0.11539633572101593,-0.17001020908355713,-0.1225544661283493,-0.069728821516036987,-0.014414423145353794,0.044513087719678879,0.088752701878547668,0.065161913633346558,-0.020305683836340904,-0.083896301686763763],[0.91939860582351685,0.97516018152236938,1.0508084297180176,1.1288353204727173,1.2062522172927856,1.288257360458374,1.3693020343780518,0.71471136808395386,1.2982394695281982,1.4173401594161987,1.4602688550949097,1.5060014724731445,1.5403351783752441,1.4338068962097168,1.1206095218658447,0.88758081197738647],[0.13015559315681458,0.19939428567886353,0.29332593083381653,0.39021143317222595,0.48633915185928345,0.58816426992416382,0.6881948709487915,-0.42226311564445496,0.56247252225875854,0.55005568265914917,0.36613857746124268,0.17020806670188904,0.02311394177377224,0.015415317378938198,0.05855238065123558,0.090647734701633453]],"jointUpperLimits":[2.96705972839036,1.48352986419518,1.22173047639603,5.23598775598299,2.26892802759263,6.28318530717959],"jointLowerLimits":[-2.96705972839036,-1.13446401379631,-3.14159265358979,-5.23598775598299,-2.26892802759263,-6.28318530717959],"axisTranslations":[[0.0,0.0,-0.78],[-0.78,-0.32,-4.77596477990727E-17],[-1.915,-0.32,-4.77596477990727E-17],[-2.115,2.81659461379147E-17,-1.9125],[2.115,1.9125,-1.4526892872218E-16],[2.115,-2.81659461379147E-17,-1.9125],null,null,null]}