{"axis_direction":[2,1,1,0,1,0],"arm_lengths":[[0.5,0.0,0.8,0.8,0.3,0.0],[0.0,0.0,0.0,0.0,0.0,0.0],[0.5,2.0,0.4,0.0,0.0,0.0],[1.0,1.0,1.0,1.0,1.0,1.0]],"acc_limit":6.2831853071795862,"TCP_vel_limit":100.0,"pos_lim_pos":[2.97,1.14,1.17,5.24,2.27,6.29],"pos_lim_neg":[-2.97,-1.14,-0.53,-5.24,-2.27,-6.29],"vel_lim_pos":[6.5449846949787363,5.2359877559829879,5.2359877559829879,7.4176493209759009,7.4176493209759009,10.035643198967394],"vel_lim_neg":[-6.5449846949787363,-5.2359877559829879,-5.2359877559829879,-7.4176493209759009,-7.4176493209759009,-10.035643198967394],"AXIS":[0],"TIME":[0,1,2,3,4,5,6,7,8,9,10,11,12,13,14,15,16,17,18,19,20,21,22,23,24,25,26,27,28],"TARGETS":[0,1,2,3,4,5,6,7,8,9,10,11,12,13,14,15,16,17,18,19,20,21],"ang_pos_targets":[[4.7119559685336512,4.89670962492098,5.0920305887805384,5.2893268505679529,5.4892737309085291,5.692611579095022,5.9001565913306635,6.11285233894457,6.3318029830800455,6.5583269933806818,6.794033710156576,7.0409747997867029,6.7237781623946589,6.4458522538291376,6.1535846779691141,5.8735555152045649,5.5925188700305384,5.3766537944423121,5.1194679180728357,4.9535444418536585,4.7942186037646692,4.6405277887927454]],"N_targets":22,"n_axis":1,"N":29,"time_end":14.5,"time_step":0.5,"time_step_orig":0.5,"resolution":1,"robot_name":"IRB8700-800/3.5","optimal_poses":[[4.7119559685335828,4.7119559685335837,4.89670962492095,5.0920305887804886,5.28932685056779,5.4892737309083071,5.6926115790949217,5.9001565913305392,6.112852338944367,6.3318029830799309,6.558326993380625,6.7940337101565209,7.0409747997867678,6.9809640387641743,6.7237781623945381,6.7030381301985429,6.4458522538289076,6.4107705543385318,6.1535846779688965,6.1307413915740572,5.873555515204421,5.8497047464002145,5.5925188700305775,5.3766537944423174,5.1194679180726821,4.9535444418534844,4.7942186037644712,4.6405277887926886,4.6405277887926877]],"optimal_velocity":[[0.0,0.36950731277473464,0.3906419277190773,0.39459252357460273,0.39989376068103355,0.4066756963732297,0.41509002447123461,0.42539149522765779,0.43790128827112518,0.45304802060138755,0.47141343355179388,0.49388217926049249,-0.12002152204518958,-0.51437175273926983,-0.041480064391993164,-0.514371752739269,-0.070163398980751787,-0.514371752739269,-0.045686572789681794,-0.514371752739269,-0.047701537608415508,-0.51437175273926983,-0.43173015117652336,-0.51437175273926916,-0.33184695243839585,-0.31865167617802731,-0.307381629943564,0.0]],"optimal_acceleration":[[0.73901462554946939,0.042269229888685374,0.0079011917110508312,0.01060247421286172,0.013563871384392219,0.016828656196009723,0.020602941512846498,0.025019586086934706,0.030293464660524821,0.036730825900812676,0.044937491417396641,-1.2278074026113637,-0.78870046138815886,0.94578337669455348,-0.94578337669455348,0.88841670751703439,-0.88841670751703439,0.93737035989917261,-0.93737035989917261,0.93334043026170876,-0.933340430261707,0.16528320312549219,-0.1652832031254913,0.36504960060174657,0.026390552520737125,0.022540092468926597,0.614763259887128]],"optimal_poses_decimated":[[4.7119559685335828,4.7119559685335837,4.89670962492095,5.0920305887804886,5.28932685056779,5.4892737309083071,5.6926115790949217,5.9001565913305392,6.112852338944367,6.3318029830799309,6.558326993380625,6.7940337101565209,7.0409747997867678,6.9809640387641743,6.7237781623945381,6.7030381301985429,6.4458522538289076,6.4107705543385318,6.1535846779688965,6.1307413915740572,5.873555515204421,5.8497047464002145]],"optimal_velocity_decimated":[[0.0,0.36950731277473464,0.3906419277190773,0.39459252357460273,0.39989376068103355,0.4066756963732297,0.41509002447123461,0.42539149522765779,0.43790128827112518,0.45304802060138755,0.47141343355179388,0.49388217926049249,-0.12002152204518958,-0.51437175273926983,-0.041480064391993164,-0.514371752739269,-0.070163398980751787,-0.514371752739269,-0.045686572789681794,-0.514371752739269,-0.047701537608415508,-0.51437175273926983]],"optimal_acceleration_decimated":[[0.73901462554946939,0.042269229888685374,0.0079011917110508312,0.01060247421286172,0.013563871384392219,0.016828656196009723,0.020602941512846498,0.025019586086934706,0.030293464660524821,0.036730825900812676,0.044937491417396641,-1.2278074026113637,-0.78870046138815886,0.94578337669455348,-0.94578337669455348,0.88841670751703439,-0.88841670751703439,0.93737035989917261,-0.93737035989917261,0.93334043026170876,-0.933340430261707,0.16528320312549219]],"TCP_vel_original":null,"TCP_vel":null,"target_times":[0.0,2.0,3.0,4.0,5.0,6.0,7.0,8.0,9.0,10.0,11.0,12.0,14.0,16.0,18.0,20.0,22.0,23.0,24.0,25.0,26.0,28.0]}