{"axis_direction":[2,1,1,0,1,0],"arm_lengths":[[0.5,0.0,0.8,0.8,0.3,0.0],[0.0,0.0,0.0,0.0,0.0,0.0],[0.5,2.0,0.4,0.0,0.0,0.0],[1.0,1.0,1.0,1.0,1.0,1.0]],"acc_limit":6.2831853071795862,"TCP_vel_limit":100.0,"pos_lim_pos":[2.97,1.14,1.17,5.24,2.27,6.29],"pos_lim_neg":[-2.97,-1.14,-0.53,-5.24,-2.27,-6.29],"vel_lim_pos":[6.5449846949787363,5.2359877559829879,5.2359877559829879,7.4176493209759009,7.4176493209759009,10.035643198967394],"vel_lim_neg":[-6.5449846949787363,-5.2359877559829879,-5.2359877559829879,-7.4176493209759009,-7.4176493209759009,-10.035643198967394],"AXIS":[0],"TIME":[0,1,2,3,4,5,6,7,8,9,10,11,12,13,14,15,16,17,18],"TARGETS":[0,1,2,3,4,5,6,7,8,9,10,11,12,13,14,15],"ang_pos_targets":[[4.8616693655597132,5.0424235502826136,5.3667816559420984,5.7507240811931055,6.1594839135753077,6.5822548905955713,7.0294991771327417,7.1033879558192652,6.8440380136119288,6.3677392865168017,5.915123079215185,5.4870450536357325,5.3761494795428675,5.1986634174930018,4.9637590090381067,4.8616693655597132]],"N_targets":16,"n_axis":1,"N":19,"time_end":9.5,"time_step":0.5,"time_step_orig":0.5,"resolution":1,"robot_name":"IRB8700-800/3.5","optimal_poses":[[4.8616693655595284,4.8616693655595284,5.0424235502825709,5.3667816559420105,5.7507240811930371,6.1594839135751753,6.5822548905954266,7.0294991771328039,7.1033879558192918,6.844038013611736,6.6058886500643315,6.367739286516926,5.9151230792150615,5.487045053635649,5.37614947954305,5.1986634174931732,4.9637590090380286,4.8616693655595284,4.8616693655595284]],"optimal_velocity":[[0.0,0.36150836944608533,0.648716211318879,0.76788485050205491,0.81751966476427429,0.84554195404050236,0.894488573074754,0.14777755737297543,-0.51869988441511106,-0.47629872709480858,-0.47629872709480869,-0.90523241460373061,-0.856156051158827,-0.22179114818519882,-0.3549721240997511,-0.46980881691028908,-0.20417928695700066,0.0]],"optimal_acceleration":[[0.72301673889217066,0.57441568374558738,0.23833727836635182,0.0992696285244387,0.056044578552456113,0.097893238068503752,-1.4934220314035576,-1.3329548835761731,0.084802314640604809,0.0,-0.85786737501784383,0.098152726889807265,1.2687298059472563,-0.26636195182910449,-0.22967338562107617,0.531259059906577,0.40835857391400138]],"optimal_poses_decimated":[[4.8616693655595284,4.8616693655595284,5.0424235502825709,5.3667816559420105,5.7507240811930371,6.1594839135751753,6.5822548905954266,7.0294991771328039,7.1033879558192918,6.844038013611736,6.6058886500643315,6.367739286516926,5.9151230792150615,5.487045053635649,5.37614947954305,5.1986634174931732]],"optimal_velocity_decimated":[[0.0,0.36150836944608533,0.648716211318879,0.76788485050205491,0.81751966476427429,0.84554195404050236,0.894488573074754,0.14777755737297543,-0.51869988441511106,-0.47629872709480858,-0.47629872709480869,-0.90523241460373061,-0.856156051158827,-0.22179114818519882,-0.3549721240997511,-0.46980881691028908]],"optimal_acceleration_decimated":[[0.72301673889217066,0.57441568374558738,0.23833727836635182,0.0992696285244387,0.056044578552456113,0.097893238068503752,-1.4934220314035576,-1.3329548835761731,0.084802314640604809,0.0,-0.85786737501784383,0.098152726889807265,1.2687298059472563,-0.26636195182910449,-0.22967338562107617,0.531259059906577]],"TCP_vel_original":null,"TCP_vel":null,"target_times":[0.0,2.0,3.0,4.0,5.0,6.0,7.0,8.0,9.0,11.0,12.0,13.0,14.0,15.0,16.0,18.0]}