{"delta_t":0.5,"jointArray":[[-1.421515941619873,-1.2407617568969727,-0.91640365123748779,-0.53246122598648071,-0.12370139360427856,0.29906958341598511,0.74631386995315552,0.820202648639679,0.82165324687957764,0.56085270643234253,0.084553979337215424,-0.36806222796440125,-0.79614025354385376,-0.90703582763671875,-1.0845218896865845,-1.3194262981414795,-1.421515941619873],[-0.4060836136341095,-0.36899271607398987,-0.30243411660194397,-0.22364881634712219,-0.13977093994617462,-0.053017977625131607,0.038756940513849258,0.21474207937717438,0.13720302283763885,0.051473680883646011,0.045917604118585587,0.0406377874314785,0.035644214600324631,0.01923026330769062,-0.12102507799863815,-0.31972736120224,-0.4060836136341095],[-2.8476907232288795E-07,0.016550863161683083,0.046251408755779266,0.081407912075519562,0.11883687973022461,0.15754881501197815,0.19850169122219086,0.46790868043899536,0.3409259021282196,0.18949732184410095,0.16036792099475861,0.13268689811229706,0.1065065786242485,0.16309401392936707,0.064781695604324341,0.019624914973974228,-2.8476907232288795E-07],[-2.4261564979255468E-10,-0.00933990441262722,-0.02610008604824543,-0.045939099043607712,-0.067060470581054688,-0.08890581876039505,-0.11201575398445129,-0.16072343289852142,-0.1390722393989563,-0.083773620426654816,-0.025286395102739334,0.030292732641100883,0.082858681678771973,0.071358226239681244,0.061931643635034561,0.018761713057756424,-2.4261564979255468E-10],[0.52359890937805176,0.59267586469650269,0.71663248538970947,0.863359808921814,1.0195713043212891,1.1811372041702271,1.3520560264587402,0.829327404499054,1.096543550491333,1.406440258026123,1.4518312215805054,1.4949653148651123,1.5357608795166016,1.4694181680679321,1.1850342750549316,0.723975658416748,0.52359890937805176],[5.303457673022649E-10,0.056678395718336105,0.15838611125946045,0.27877742052078247,0.40695062279701233,0.53951722383499146,0.67975795269012451,-0.22867189347743988,0.22266705334186554,0.59675377607345581,0.40228724479675293,0.21748991310596466,0.042711205780506134,0.32677963376045227,-2.3831214335245932E-08,-6.849800282537899E-09,5.303457673022649E-10]],"jointUpperLimits":[2.96705972839036,1.48352986419518,1.22173047639603,5.23598775598299,2.26892802759263,6.28318530717959],"jointLowerLimits":[-2.96705972839036,-1.13446401379631,-3.14159265358979,-5.23598775598299,-2.26892802759263,-6.28318530717959],"axisTranslations":[[0.0,0.0,-0.78],[-0.78,-0.32,-4.77596477990727E-17],[-1.915,-0.32,-4.77596477990727E-17],[-2.115,2.81659461379147E-17,-1.9125],[2.115,1.9125,-1.4526892872218E-16],[2.115,-2.81659461379147E-17,-1.9125],null,null,null]}