{"delta_t":0.5,"jointArray":[[-1.6426575183868408,-1.3231031894683838,-0.91771697998046875,-0.46430063247680664,-0.024787383154034615,0.44511410593986511,0.81949782371521,0.81931358575820923,0.82251393795013428,0.46041035652160645,-0.0462656207382679,-0.55294156074523926,-0.88834768533706665,-0.95769011974334717,-1.3494488000869751,-1.6426575183868408],[0.17145608365535736,0.15630395710468292,0.13708199560642242,0.11558263003826141,0.094742484390735626,0.072461441159248352,0.0653177946805954,0.26226624846458435,0.091193675994873047,0.050302006304264069,0.044391579926013947,0.038481153547763824,0.03171500563621521,0.044940710067749023,0.11729960143566132,0.17145608365535736],[-0.53248888254165649,-0.4368462860584259,-0.31551426649093628,-0.17980679869651794,-0.048260532319545746,0.092380918562412262,0.22188156843185425,0.54573726654052734,0.26557812094688416,0.18335449695587158,0.15236729383468628,0.12138009071350098,0.11283993721008301,0.051558900624513626,-0.28247997164726257,-0.53248888254165649],[-0.083896301686763763,-0.088055193424224854,-0.093331150710582733,-0.099232211709022522,-0.10495232790708542,-0.11106794327497482,-0.11946600675582886,-0.17254742980003357,-0.1262250691652298,-0.071439780294895172,-0.0092223677784204483,0.052995037287473679,0.089437015354633331,0.081920608878135681,-0.012916312552988529,-0.083896301686763763],[0.88758081197738647,0.95158064365386963,1.0327707529067993,1.1235802173614502,1.2116051912307739,1.3057163953781128,1.3356271982192993,0.68339729309082031,1.2551015615463257,1.4160122871398926,1.4642982482910156,1.5125842094421387,1.5300252437591553,1.495219349861145,1.1476880311965942,0.88758081197738647],[0.090647734701633453,0.17011576890945435,0.27092880010604858,0.3836861252784729,0.49298599362373352,0.60984289646148682,0.62720757722854614,-0.47515392303466797,0.49047812819480896,0.555744469165802,0.34887528419494629,0.14200606942176819,0.067284263670444489,0.0069568976759910583,0.054822828620672226,0.090647734701633453]],"jointUpperLimits":[2.96705972839036,1.48352986419518,1.22173047639603,5.23598775598299,2.26892802759263,6.28318530717959],"jointLowerLimits":[-2.96705972839036,-1.13446401379631,-3.14159265358979,-5.23598775598299,-2.26892802759263,-6.28318530717959],"axisTranslations":[[0.0,0.0,-0.78],[-0.78,-0.32,-4.77596477990727E-17],[-1.915,-0.32,-4.77596477990727E-17],[-2.115,2.81659461379147E-17,-1.9125],[2.115,1.9125,-1.4526892872218E-16],[2.115,-2.81659461379147E-17,-1.9125],null,null,null]}