{"delta_t":0.5,"jointArray":[[-1.5712293386459351,-1.386475682258606,-1.1911547183990479,-0.9938584566116333,-0.79391157627105713,-0.59057372808456421,-0.38302871584892273,-0.17033296823501587,0.04861767590045929,0.27514168620109558,0.51084840297698975,0.7577894926071167,0.82148170471191406,0.8192906379699707,0.82169854640960693,0.71744775772094727,0.44059285521507263,0.16266694664955139,-0.12960062921047211,-0.40962979197502136,-0.69066643714904785,-0.90653151273727417,-0.97887325286865234,-1.1637173891067505,-1.3296408653259277,-1.488966703414917,-1.6426575183868408],[0.16806921362876892,0.15930885076522827,0.15004743635654449,0.14069236814975739,0.13121159374713898,0.12157004326581955,0.11172900348901749,0.10164373368024826,0.091261886060237885,0.080520927906036377,0.069344565272331238,0.057635501027107239,0.14637041091918945,0.26349067687988281,0.13477893173694611,0.053300376981496811,0.050070837140083313,0.046828802675008774,0.043419469147920609,0.0401528999209404,0.036874577403068542,0.020208612084388733,0.048853285610675812,0.0829945057630539,0.11364102363586426,0.14306895434856415,0.17145608365535736],[-0.51111042499542236,-0.45581367611885071,-0.3973541259765625,-0.33830338716506958,-0.27845931053161621,-0.21760033071041107,-0.15548211336135864,-0.0918223112821579,-0.026290411129593849,0.041508201509714127,0.11205518990755081,0.18596462905406952,0.35593897104263306,0.54774242639541626,0.33695605397224426,0.19907434284687042,0.18214249610900879,0.1651451587677002,0.14727070927619934,0.13014473021030426,0.11295713484287262,0.15911416709423065,0.033496811985969543,-0.12411332130432129,-0.26559045910835266,-0.40144205093383789,-0.53248888254165649],[-0.084825910627841949,-0.087230421602725983,-0.089772455394268036,-0.092340201139450073,-0.094942443072795868,-0.097588814795017242,-0.10028994083404541,-0.1030581071972847,-0.10590767115354538,-0.10885580629110336,-0.11192344129085541,-0.1151493638753891,-0.14163203537464142,-0.17277680337429047,-0.13839535415172577,-0.10300274938344955,-0.069006279110908508,-0.03487829864025116,0.0010107764974236488,0.035397026687860489,0.069907002151012421,0.0728924348950386,0.076792597770690918,0.032045535743236542,-0.008121212013065815,-0.046690817922353745,-0.083896301686763763],[0.90188634395599365,0.93888849020004272,0.97800701856613159,1.0175212621688843,1.0575662851333618,1.0982904434204102,1.1398571729660034,1.1824555397033691,1.2263065576553345,1.2716745138168335,1.3188815116882324,1.3681542873382568,1.064950704574585,0.68056637048721313,1.1048974990844727,1.3915168046951294,1.4179009199142456,1.4443870782852173,1.4722400903701782,1.4989266395568848,1.5257093906402588,1.4742774963378906,1.4764276742935181,1.3124514818191528,1.1652597188949585,1.0239207744598389,0.88758081197738647],[0.10841077566146851,0.15435604751110077,0.20292922854423523,0.25199362635612488,0.30171722173690796,0.35228404402732849,0.40389713644981384,0.45679113268852234,0.51124066114425659,0.56757348775863647,0.6261899471282959,0.68729794025421143,0.16930565237998962,-0.47993549704551697,0.23677723109722137,0.66068953275680542,0.547653317451477,0.43417972326278687,0.31485068798065186,0.20051842927932739,0.085774801671504974,0.30612155795097351,0.0095450952649116516,0.032129760831594467,0.052402656525373459,0.071869440376758575,0.090647734701633453]],"jointUpperLimits":[2.96705972839036,1.48352986419518,1.22173047639603,5.23598775598299,2.26892802759263,6.28318530717959],"jointLowerLimits":[-2.96705972839036,-1.13446401379631,-3.14159265358979,-5.23598775598299,-2.26892802759263,-6.28318530717959],"axisTranslations":[[0.0,0.0,-0.78],[-0.78,-0.32,-4.77596477990727E-17],[-1.915,-0.32,-4.77596477990727E-17],[-2.115,2.81659461379147E-17,-1.9125],[2.115,1.9125,-1.4526892872218E-16],[2.115,-2.81659461379147E-17,-1.9125],null,null,null]}