{"delta_t":0.5,"jointArray":[[-1.6426575183868408,-1.3381145000457764,-0.91588449478149414,-0.4936545193195343,-0.071424558758735657,0.43525141477584839,0.80873531103134155,0.81932193040847778,0.82247865200042725,0.46744748950004578,-0.039228454232215881,-0.54590439796447754,-0.87674540281295776,-0.91343230009078979,-1.3803972005844116,-1.6426575183868408],[0.17145608365535736,0.15701574087142944,0.13699512183666229,0.11697448045015335,0.0969538539648056,0.072929099202156067,0.058726705610752106,0.26181969046592712,0.093079358339309692,0.050384096801280975,0.044473670423030853,0.038563240319490433,0.033644434064626694,0.034926567226648331,0.12301588803529739,0.17145608365535736],[-0.53248888254165649,-0.4413391649723053,-0.31496578454971313,-0.18859240412712097,-0.062219034880399704,0.089429020881652832,0.20698052644729614,0.5450059175491333,0.26866620779037476,0.1837848573923111,0.152797669172287,0.12181045860052109,0.10602224618196487,0.0969913899898529,-0.30886873602867126,-0.53248888254165649],[-0.083896301686763763,-0.087859824299812317,-0.093355000019073486,-0.098850183188915253,-0.10434536635875702,-0.11093957722187042,-0.11741241067647934,-0.17246313393115997,-0.1267516016960144,-0.072303906083107,-0.010086498223245144,0.052130907773971558,0.090995103120803833,0.0900639221072197,-0.02040833979845047,-0.083896301686763763],[0.88758081197738647,0.9485742449760437,1.0331376791000366,1.1177012920379639,1.2022647857666016,1.3037409782409668,1.3568274974822998,0.68443757295608521,1.2486031055450439,1.4153416156768799,1.4636275768280029,1.511913537979126,1.5380502939224243,1.5265166759490967,1.120233416557312,0.88758081197738647],[0.090647734701633453,0.16638271510601044,0.27138447761535645,0.37638628482818604,0.48138806223869324,0.60739022493362427,0.66404479742050171,-0.473396897315979,0.47950196266174316,0.55861771106719971,0.35174846649169922,0.14487926661968231,0.032902933657169342,0.038264647126197815,0.058604191988706589,0.090647734701633453]],"jointUpperLimits":[2.96705972839036,1.48352986419518,1.22173047639603,5.23598775598299,2.26892802759263,6.28318530717959],"jointLowerLimits":[-2.96705972839036,-1.13446401379631,-3.14159265358979,-5.23598775598299,-2.26892802759263,-6.28318530717959],"axisTranslations":[[0.0,0.0,-0.78],[-0.78,-0.32,-4.77596477990727E-17],[-1.915,-0.32,-4.77596477990727E-17],[-2.115,2.81659461379147E-17,-1.9125],[2.115,1.9125,-1.4526892872218E-16],[2.115,-2.81659461379147E-17,-1.9125],null,null,null]}