{"delta_t":0.2,"jointArray":[[-1.4168761968612671,-1.414848804473877,-1.2805993556976318,-1.1131242513656616,-0.9442322850227356,-0.81756329536437988,-0.69089430570602417,-0.56422531604766846,-0.39533331990242004,-0.22644133865833282,-0.015326340682804585,0.15356564521789551,0.32245764136314392,0.49134963750839233,0.65415716171264648,0.78279626369476318,0.82270419597625732,0.82089155912399292,0.81942766904830933,0.81978470087051392,0.82139205932617188,0.82261401414871216,0.76984846591949463,0.60621345043182373,0.3970758318901062,0.18596085906028748,0.017068875953555107,-0.19404609501361847,-0.40516111254692078,-0.57405304908752441,-0.73231273889541626,-0.83578842878341675,-0.89552789926528931,-0.910915732383728,-0.93465220928192139,-1.0913413763046265,-1.2636528015136719,-1.3794299364089966,-1.4168761968612671],[-0.46246263384819031,-0.46199476718902588,-0.43101075291633606,-0.3923584520816803,-0.35337916016578674,-0.32414469122886658,-0.29491022229194641,-0.26567575335502625,-0.2266964465379715,-0.18771715462207794,-0.1389930248260498,-0.10001372545957565,-0.061034418642520905,-0.022055117413401604,0.015519920736551285,0.04557386040687561,0.081022918224334717,0.17791518568992615,0.25616419315338135,0.23708301782608032,0.15116329491138458,0.085842423141002655,0.053921680897474289,0.052002813667058945,0.0495632067322731,0.047100525349378586,0.045130383223295212,0.042667701840400696,0.040205024182796478,0.0382348857820034,0.036388766020536423,0.035181712359189987,0.029450673609972,0.00980169977992773,0.0015835408121347427,-0.14906218647956848,-0.31495067477226257,-0.42641231417655945,-0.46246263384819031],[0.45825904607772827,0.45803031325340271,0.44288480281829834,0.4239908754825592,0.40493708848953247,0.390646755695343,0.37635642290115356,0.36206609010696411,0.34301233291625977,0.32395854592323303,0.30014133453369141,0.28108754754066467,0.26203379034996033,0.24298001825809479,0.22461266815662384,0.21069413423538208,0.24892184138298035,0.40759867429733276,0.5357440710067749,0.50449562072753906,0.36378812789916992,0.256814569234848,0.20229551196098328,0.19227148592472076,0.17948108911514282,0.16656975448131561,0.15624068677425385,0.14332935214042664,0.13041801750659943,0.12008894979953766,0.11041013151407242,0.10408177971839905,0.12154962867498398,0.2022947371006012,0.1249346062541008,0.23236352205276489,0.3519340455532074,0.43227434158325195,0.45825904607772827],[0.21652938425540924,0.21622844040393829,0.19630040228366852,0.17144031822681427,0.14636990427970886,0.1275670975446701,0.10876428335905075,0.089961476624012,0.064891062676906586,0.039820652455091476,0.00848263781517744,-0.016587773337960243,-0.0416581854224205,-0.066728591918945313,-0.090895824134349823,-0.10997339338064194,-0.12335743010044098,-0.1504402756690979,-0.17136646807193756,-0.16695898771286011,-0.14297035336494446,-0.12473002821207047,-0.109430693089962,-0.089343704283237457,-0.063662596046924591,-0.037738680839538574,-0.016999542713165283,0.0089243752881884575,0.034848295152187347,0.05558742955327034,0.075020968914031982,0.087727293372154236,0.086693383753299713,0.056213658303022385,0.1030680239200592,0.14032164216041565,0.18065975606441498,0.20776322484016418,0.21652938425540924],[0.88758081197738647,0.88802778720855713,0.9176250696182251,0.95454740524291992,0.99178224802017212,1.0197082757949829,1.0476342439651489,1.0755603313446045,1.1127949953079224,1.1500297784805298,1.1965732574462891,1.2338079214096069,1.2710427045822144,1.3082773685455322,1.3441708087921143,1.3653322458267212,1.2887823581695557,0.95624077320098877,0.69797253608703613,0.75236904621124268,1.0484335422515869,1.2733322381973267,1.3840131759643555,1.4021173715591431,1.4220479726791382,1.4421671628952026,1.4582624435424805,1.4783816337585449,1.4985008239746094,1.5145961046218872,1.5296781063079834,1.5395393371582031,1.5196117162704468,1.421991229057312,1.5009853839874268,1.3026943206787109,1.0829672813415527,0.93533116579055786,0.88758081197738647],[0.09064774215221405,0.091202728450298309,0.12795341014862061,0.17379955947399139,0.22003361582756042,0.25470912456512451,0.28938469290733337,0.32406023144721985,0.37029427289962769,0.41652831435203552,0.47432088851928711,0.52055490016937256,0.56678897142410278,0.613023042678833,0.65759140253067017,0.6810033917427063,0.54744857549667358,-0.014310055412352085,-0.45053571462631226,-0.3586578369140625,0.14140723645687103,0.52118206024169922,0.67680609226226807,0.61527401208877563,0.52988588809967041,0.44369032979011536,0.37473395466804504,0.28853842616081238,0.2023429274559021,0.1333865225315094,0.068771153688430786,0.026523368433117867,0.11189806461334229,0.53012979030609131,0.013179956935346127,0.03347361832857132,0.063736900687217712,0.084071017801761627,0.09064774215221405]],"jointUpperLimits":[2.96705972839036,1.48352986419518,1.22173047639603,5.23598775598299,2.26892802759263,6.28318530717959],"jointLowerLimits":[-2.96705972839036,-1.13446401379631,-3.14159265358979,-5.23598775598299,-2.26892802759263,-6.28318530717959],"axisTranslations":[[0.0,0.0,-0.78],[-0.78,-0.32,-4.77596477990727E-17],[-1.915,-0.32,-4.77596477990727E-17],[-2.115,2.81659461379147E-17,-1.9125],[2.115,1.9125,-1.4526892872218E-16],[2.115,-2.81659461379147E-17,-1.9125],null,null,null]}